Accident_Index,Vehicle_Reference,Casualty_Reference,Casualty_Class,Sex_of_Casualty,Age_of_Casualty,Age_Band_of_Casualty,Casualty_Severity,Pedestrian_Location,Pedestrian_Movement,Car_Passenger,Bus_or_Coach_Passenger,Pedestrian_Road_Maintenance_Worker,Casualty_Type,Casualty_Home_Area_Type,Casualty_IMD_Decile
2019136111019,2,1,1,1,56,9,3,0,0,0,0,0,9,1,1
2019136111467,2,1,1,1,50,8,3,0,0,0,0,0,9,1,1
2019136111467,2,2,2,2,46,8,3,0,0,1,0,0,9,1,1
2019136121066,2,1,1,1,20,4,3,0,0,0,0,0,19,1,1
2019136131015,1,1,1,2,52,8,3,0,0,0,0,0,9,1,10
2019136131015,2,2,2,2,38,7,3,0,0,1,0,0,9,1,3
2019136131184,1,1,3,1,7,2,3,5,1,0,0,0,0,-1,-1
2019136141369,1,1,3,1,64,9,3,5,2,0,0,0,0,1,4
2019136141408,2,1,1,1,58,9,3,0,0,0,0,0,9,1,6
2019136161108,2,1,1,1,58,9,3,0,0,0,0,0,9,1,2
2019136171266,1,1,3,2,40,7,2,4,3,0,0,0,0,1,2
2019136171275,1,1,1,1,68,10,3,0,0,0,0,0,9,1,1
2019136171275,2,2,1,1,18,4,3,0,0,0,0,0,2,1,2
2019136180892,1,1,3,1,59,9,2,5,3,0,0,0,0,-1,-1
2019136180985,1,1,3,1,12,3,2,5,1,0,0,0,0,-1,-1
2019136190232,1,1,3,1,15,3,3,5,1,0,0,0,0,1,3
20191361A0253,1,1,1,1,18,4,3,0,0,0,0,0,2,1,5
20191361A1165,2,1,1,1,26,6,3,0,0,0,0,0,9,1,1
20191361A1322,2,1,1,1,38,7,3,0,0,0,0,0,1,-1,-1
20191361A1552,2,1,1,2,57,9,3,0,0,0,0,0,9,1,6
20191361B0976,2,1,1,1,42,7,3,0,0,0,0,0,9,-1,-1
20191361B1771,1,1,2,2,5,1,3,0,0,2,0,0,9,1,1
20191361C1579,1,1,3,2,18,4,3,1,9,0,0,0,0,1,1
20191361D0147,2,1,1,1,34,6,3,0,0,0,0,0,9,1,1
20191361D1101,1,1,1,2,20,4,3,0,0,0,0,0,9,1,4
20191361D1101,1,2,2,2,9,2,3,0,0,2,0,0,9,1,4
20191361D1101,1,3,2,2,74,10,3,0,0,1,0,0,9,1,2
20191361D1104,2,1,1,1,42,7,3,0,0,0,0,0,9,1,1
20191361E1186,1,1,1,1,54,8,3,0,0,0,0,0,9,1,1
20191361E1616,1,1,2,2,37,7,3,0,0,1,0,0,9,1,1
20191361F0282,1,1,1,2,38,7,3,0,0,0,0,0,9,1,7
20191361F0282,2,2,1,1,29,6,3,0,0,0,0,0,9,1,6
20191361F0282,2,3,2,1,58,9,3,0,0,1,0,0,9,1,2
20191361F0304,2,1,2,1,38,7,3,0,0,1,0,0,9,1,8
20191361F1075,2,1,1,1,66,10,3,0,0,0,0,0,9,2,9
20191361F1162,2,1,1,1,50,8,3,0,0,0,0,0,9,1,2
20191361F1162,2,2,2,2,40,7,3,0,0,1,0,0,9,1,2
20191361F1186,2,1,1,2,28,6,3,0,0,0,0,0,9,1,3
20191361F1200,1,1,3,1,13,3,3,5,3,0,0,0,0,1,1
20191361F1395,1,1,1,2,37,7,3,0,0,0,0,0,9,1,1
20191361G1247,2,1,1,2,45,7,3,0,0,0,0,0,9,1,3
20191361G1702,1,2,1,1,45,7,3,0,0,0,0,0,9,1,3
20191361G1702,1,3,2,1,19,4,3,0,0,1,0,0,9,1,3
20191361G1702,2,1,1,2,38,7,3,0,0,0,0,0,9,1,1
20191361H0253,1,1,3,2,18,4,3,5,3,0,0,0,0,1,1
20191361H0349,1,1,3,2,55,8,3,5,1,0,0,0,0,1,1
20191361H1209,1,1,3,2,72,10,2,5,1,0,0,0,0,1,3
20191361I1326,1,1,1,1,18,4,3,0,0,0,0,0,9,1,3
20191361J0797,2,1,1,1,41,7,3,0,0,0,0,0,9,1,1
20191361J0959,2,1,1,1,35,6,3,0,0,0,0,0,9,1,2
20191361K0153,1,1,3,1,19,4,3,5,1,0,0,0,0,1,8
20191361K0844,2,1,1,1,70,10,3,0,0,0,0,0,3,1,10
20191361K0931,2,1,1,1,44,7,3,0,0,0,0,0,9,-1,-1
20191361K1099,1,1,1,1,45,7,3,0,0,0,0,0,9,1,3
20191361K1099,1,2,2,1,7,2,3,0,0,1,0,0,9,-1,-1
20191361L1140,1,1,3,1,13,3,3,5,3,0,0,0,0,1,1
20191361M0349,1,1,2,2,77,11,3,0,0,1,0,0,9,1,6
20191361M1294,1,1,1,1,55,8,1,0,0,0,0,0,19,3,6
20191361N0165,1,1,1,1,20,4,3,0,0,0,0,0,9,1,2
20191361O0668,2,1,1,2,45,7,3,0,0,0,0,0,9,2,10
20191361O1427,1,1,3,1,15,3,3,9,8,0,0,0,0,1,7
20191361P1623,2,1,1,1,58,9,3,0,0,0,0,0,5,1,1
20191361P1623,2,2,2,2,26,6,3,0,0,0,0,0,5,1,4
20191361Q0285,1,1,1,1,36,7,2,0,0,0,0,0,9,1,4
20191361Q1093,1,1,1,1,19,4,2,0,0,0,0,0,3,1,1
20191361Q1770,1,1,3,2,32,6,3,5,1,0,0,0,0,1,1
20191361R1085,2,1,1,2,36,7,3,0,0,0,0,0,9,1,1
20191361R1242,1,1,3,1,41,7,3,5,1,0,0,0,0,1,2
20191361R1391,1,1,1,1,62,9,3,0,0,0,0,0,9,2,10
20191361R1391,1,2,2,2,61,9,3,0,0,1,0,0,9,2,10
20191361R1391,2,3,1,1,21,5,3,0,0,0,0,0,9,2,4
20191361R1401,1,1,3,2,17,4,3,5,3,0,0,0,0,1,3
20191361S1383,2,1,1,2,22,5,3,0,0,0,0,0,9,1,3
20191361S1383,2,2,2,1,23,5,3,0,0,1,0,0,9,1,3
20191361T1124,2,1,1,2,38,7,3,0,0,0,0,0,9,1,4
20191361U0936,1,1,3,1,72,10,2,4,4,0,0,0,0,1,4
20191361V0233,1,1,1,1,24,5,3,0,0,0,0,0,4,1,7
20191361V1101,1,1,1,1,19,4,3,0,0,0,0,0,3,1,1
20191361V1420,1,1,2,1,2,1,3,0,0,2,0,0,9,1,1
2019136210374,1,1,1,1,56,9,2,0,0,0,0,0,19,1,4
2019136211389,2,1,1,1,59,9,3,0,0,0,0,0,9,1,8
2019136220607,1,1,1,2,60,9,2,0,0,0,0,0,9,1,2
2019136230845,1,1,2,1,19,4,1,0,0,2,0,0,9,1,3
2019136230845,1,2,1,1,32,6,2,0,0,0,0,0,9,1,5
2019136230845,1,3,2,1,21,5,2,0,0,1,0,0,9,1,3
2019136230845,3,4,1,1,39,7,3,0,0,0,0,0,9,1,7
2019136231041,1,1,3,2,44,7,3,5,3,0,0,0,0,1,1
2019136231041,1,2,3,2,21,5,3,5,3,0,0,0,0,1,1
2019136241610,3,1,2,1,35,6,3,0,0,1,0,0,9,1,1
2019136251200,1,1,2,1,25,5,3,0,0,1,0,0,9,-1,-1
2019136260259,1,1,1,1,37,7,3,0,0,0,0,0,19,1,7
2019136260939,2,1,1,2,21,5,3,0,0,0,0,0,19,2,7
2019136261374,1,1,1,1,34,6,2,0,0,0,0,0,5,-1,6
2019136261374,1,2,3,1,49,8,2,4,4,0,0,0,0,1,1
2019136261720,1,1,2,1,17,4,3,0,0,2,0,0,9,2,8
2019136270933,2,1,1,2,35,6,3,0,0,0,0,0,9,-1,-1
2019136271098,1,1,3,2,14,3,3,5,1,0,0,0,0,1,4
2019136290576,2,1,1,2,40,7,3,0,0,0,0,0,9,1,2
2019136291070,1,1,3,2,86,11,2,5,1,0,0,0,0,1,8
2019136291529,2,1,1,1,32,6,3,0,0,0,0,0,9,1,1
20191362B1327,1,1,3,1,6,2,3,5,1,0,0,0,0,1,1
20191362C0379,1,1,1,1,55,8,2,0,0,0,0,0,9,1,1
20191362C0478,1,1,3,2,58,9,3,5,1,0,0,0,0,1,1
20191362D0330,1,1,3,1,13,3,3,10,9,0,0,0,0,1,1
20191362D1902,2,1,1,1,38,7,3,0,0,0,0,0,1,1,1
20191362E1360,2,1,1,2,50,8,3,0,0,0,0,0,9,1,1
20191362E2156,3,1,1,1,47,8,2,0,0,0,0,0,9,1,1
20191362F1133,2,1,2,2,72,10,2,0,0,1,0,0,9,1,4
20191362F1637,1,1,1,1,52,8,3,0,0,0,0,0,1,1,1
20191362G0545,2,1,1,1,37,7,3,0,0,0,0,0,1,1,6
20191362G1224,1,1,1,1,40,7,3,0,0,0,0,0,9,1,4
20191362G1224,1,2,2,2,40,7,3,0,0,1,0,0,9,1,1
20191362G2003,1,1,2,2,80,11,3,0,0,2,0,0,8,1,9
20191362G2083,1,1,2,2,37,7,3,0,0,1,0,0,9,1,4
20191362G2237,2,1,2,2,25,5,3,0,0,1,0,0,9,1,2
20191362G2237,2,2,1,1,26,6,3,0,0,0,0,0,9,1,2
20191362H0216,1,1,1,1,32,6,2,0,0,0,0,0,9,-1,-1
20191362H0216,1,2,2,1,20,4,3,0,0,1,0,0,9,1,3
20191362H0216,1,3,2,2,21,5,2,0,0,2,0,0,9,1,1
20191362H0216,2,4,1,1,20,4,3,0,0,0,0,0,9,-1,-1
20191362H0216,2,5,2,1,20,4,3,0,0,1,0,0,9,1,3
20191362H0216,2,6,2,1,19,4,2,0,0,2,0,0,9,1,1
20191362H0442,2,1,1,2,49,8,2,0,0,0,0,0,1,1,1
20191362H1335,2,1,1,1,25,5,3,0,0,0,0,0,9,-1,7
20191362I0808,2,1,1,1,41,7,2,0,0,0,0,0,5,1,1
20191362I1757,1,1,1,2,33,6,3,0,0,0,0,0,9,1,2
20191362I1757,1,2,2,1,27,6,3,0,0,1,0,0,9,1,2
20191362I1757,1,3,2,1,4,1,3,0,0,2,0,0,9,1,2
20191362I1757,2,4,1,1,19,4,3,0,0,0,0,0,9,1,8
20191362I1757,2,5,2,1,21,5,3,0,0,1,0,0,9,1,3
20191362I1757,2,6,2,1,15,3,3,0,0,2,0,0,9,1,8
20191362I1860,2,1,1,1,31,6,3,0,0,0,0,0,9,1,4
20191362J0850,2,1,1,1,36,7,3,0,0,0,0,0,9,-1,-1
20191362J1338,2,1,1,2,37,7,3,0,0,0,0,0,9,1,1
20191362J1385,2,1,1,2,55,8,3,0,0,0,0,0,9,1,3
20191362J1499,1,1,3,2,7,2,3,5,4,0,0,0,0,1,1
20191362J1560,1,1,1,1,59,9,3,0,0,0,0,0,1,1,1
20191362K0408,2,1,1,1,31,6,3,0,0,0,0,0,9,1,6
20191362K0768,1,1,3,2,12,3,3,5,3,0,0,0,0,-1,-1
20191362K0868,1,1,3,2,52,8,2,5,1,0,0,0,0,-1,-1
20191362K1100,1,1,3,2,51,8,2,10,9,0,0,0,0,1,1
20191362L1633,2,1,1,2,62,9,3,0,0,0,0,0,9,3,9
20191362M0779,1,1,3,1,73,10,3,10,9,0,0,0,0,1,3
20191362M1177,1,1,3,1,15,3,3,5,1,0,0,0,0,1,3
20191362M1495,1,1,2,1,25,5,2,0,0,0,0,0,3,1,1
20191362N1705,1,1,1,2,19,4,3,0,0,0,0,0,9,1,1
20191362N1705,1,2,2,2,40,7,3,0,0,1,0,0,9,1,1
20191362O0485,2,1,1,1,50,8,3,0,0,0,0,0,1,1,3
20191362O1829,2,1,1,1,68,10,3,0,0,0,0,0,9,1,8
20191362P0747,1,1,3,1,29,6,3,1,9,0,0,0,0,1,4
20191362P1000,1,1,3,2,65,9,2,5,1,0,0,0,0,1,1
20191362P1823,1,1,1,1,19,4,2,0,0,0,0,0,1,2,4
20191362Q0571,1,1,3,2,23,5,3,5,9,0,0,0,0,1,1
20191362Q1330,1,1,3,1,25,5,3,4,2,0,0,0,0,1,3
20191362R0445,2,1,1,1,31,6,3,0,0,0,0,0,9,1,2
20191362R1526,1,1,1,1,30,6,3,0,0,0,0,0,9,1,2
20191362R1803,1,1,1,1,27,6,3,0,0,0,0,0,4,1,1
20191362S1988,2,1,1,1,25,5,3,0,0,0,0,0,9,1,1
20191362S1988,2,2,2,1,23,5,3,0,0,1,0,0,9,1,1
20191362S1988,2,3,2,1,22,5,3,0,0,2,0,0,9,1,2
2019136310287,1,1,3,1,12,3,3,1,3,0,0,0,0,1,1
2019136321383,1,1,2,1,5,1,3,0,0,2,0,0,9,1,1
2019136330009,1,1,2,1,58,9,3,0,0,1,0,0,9,1,1
2019136340320,1,1,1,2,36,7,3,0,0,0,0,0,9,1,5
2019136340425,1,1,3,2,55,8,3,1,1,0,0,0,0,1,1
2019136341295,1,1,2,1,26,6,3,0,0,1,0,0,9,-1,-1
2019136350321,2,1,1,1,34,6,2,0,0,0,0,0,1,1,9
2019136351636,1,1,3,1,34,6,2,5,3,0,0,0,0,1,3
2019136351636,1,2,3,1,67,10,3,5,3,0,0,0,0,1,5
2019136351746,1,1,1,1,22,5,3,0,0,0,0,0,4,1,3
2019136351813,1,1,1,1,21,5,3,0,0,0,0,0,9,1,1
2019136351813,1,2,2,1,42,7,3,0,0,1,0,0,9,1,1
2019136360590,1,1,3,1,11,3,3,5,9,0,0,0,0,1,10
2019136360654,3,1,1,2,22,5,3,0,0,0,0,0,9,1,5
2019136361122,1,1,2,2,15,3,3,0,0,1,0,0,9,1,2
2019136361786,1,1,2,1,20,4,2,0,0,1,0,0,9,1,1
2019136381026,1,1,3,2,16,4,3,1,1,0,0,0,0,1,1
2019136381491,1,1,3,1,11,3,3,5,4,0,0,0,0,1,1
2019136381925,2,1,1,1,49,8,3,0,0,0,0,0,9,1,1
2019136381931,1,1,3,1,19,4,3,5,3,0,0,0,0,1,2
2019136390437,1,1,1,1,21,5,3,0,0,0,0,0,9,1,4
2019136390437,2,2,1,1,54,8,3,0,0,0,0,0,9,1,4
2019136390437,2,3,2,1,31,6,3,0,0,1,0,0,9,1,1
2019136390962,2,1,1,1,73,10,3,0,0,0,0,0,9,1,1
2019136391174,1,1,2,2,39,7,3,0,0,1,0,0,9,1,4
2019136391174,2,2,2,1,49,8,3,0,0,1,0,0,8,2,5
2019136391174,2,3,2,1,47,8,3,0,0,2,0,0,8,2,8
2019136391174,2,4,2,2,54,8,3,0,0,2,0,0,8,2,8
2019136391232,1,1,3,2,44,7,2,4,3,0,0,0,0,1,1
20191363A0265,1,1,3,1,31,6,2,4,3,0,0,0,0,1,6
20191363A1097,1,1,1,1,58,9,3,0,0,0,0,0,9,1,3
20191363A1533,1,1,1,1,28,6,3,0,0,0,0,0,9,1,2
20191363A1533,1,2,2,1,27,6,3,0,0,1,0,0,9,1,5
20191363A1533,2,3,1,1,20,4,3,0,0,0,0,0,9,1,1
20191363A1533,2,4,2,2,19,4,3,0,0,1,0,0,9,1,3
20191363B0127,1,1,3,2,60,9,3,10,3,0,0,0,0,1,8
20191363B0235,1,1,1,2,58,9,3,0,0,0,0,0,9,1,7
20191363B0472,1,1,1,1,78,11,3,0,0,0,0,0,9,1,5
20191363B0472,1,3,2,2,72,10,3,0,0,1,0,0,9,1,5
20191363B0472,2,2,1,2,73,10,3,0,0,0,0,0,9,2,6
20191363B0606,1,1,2,1,12,3,3,0,0,1,0,0,9,-1,-1
20191363B1046,1,1,1,2,54,8,2,0,0,0,0,0,1,1,10
20191363C0591,2,1,1,1,68,10,3,0,0,0,0,0,9,1,3
20191363C1196,2,1,1,2,19,4,3,0,0,0,0,0,9,1,8
20191363D0905,1,1,3,2,36,7,3,5,3,0,0,0,0,1,2
20191363D1257,2,1,1,1,22,5,3,0,0,0,0,0,9,2,9
20191363D1660,1,1,1,1,33,6,3,0,0,0,0,0,9,1,1
20191363D1660,2,2,1,1,33,6,3,0,0,0,0,0,9,1,1
20191363D1667,1,1,3,2,12,3,3,5,3,0,0,0,0,1,1
20191363E0050,1,1,1,1,37,7,3,0,0,0,0,0,9,-1,-1
20191363E0281,2,1,1,1,35,6,3,0,0,0,0,0,9,1,1
20191363E1291,1,1,1,1,24,5,3,0,0,0,0,0,9,1,1
20191363E1291,2,2,1,2,55,8,3,0,0,0,0,0,9,1,3
20191363F0380,2,1,2,1,43,7,3,0,0,1,0,0,19,1,3
20191363F0799,1,1,1,1,87,11,3,0,0,0,0,0,9,1,9
20191363F0799,2,2,1,1,26,6,3,0,0,0,0,0,9,1,10
20191363F1887,2,1,2,2,56,9,3,0,0,2,0,0,9,1,1
20191363G0885,2,1,1,1,28,6,3,0,0,0,0,0,1,1,3
20191363G0929,2,1,1,2,45,7,3,0,0,0,0,0,9,1,1
20191363G1910,2,1,2,2,68,10,3,0,0,1,0,0,9,1,6
20191363H0936,1,1,1,2,48,8,3,0,0,0,0,0,9,1,2
20191363I1545,1,1,1,1,31,6,3,0,0,0,0,0,9,1,1
20191363J1156,2,1,2,1,25,5,3,0,0,1,0,0,9,1,1
20191363J1894,2,1,1,2,19,4,2,0,0,0,0,0,9,1,1
20191363J1997,1,1,3,1,18,4,3,5,3,0,0,0,0,2,7
20191363K1492,1,1,3,1,4,1,3,5,9,0,0,0,0,1,4
20191363M0447,2,1,1,1,68,10,3,0,0,0,0,0,9,1,1
20191363N0786,2,1,1,2,43,7,3,0,0,0,0,0,9,1,10
20191363N2107,1,1,1,2,48,8,3,0,0,0,0,0,9,2,6
20191363O0168,1,1,1,1,38,7,3,0,0,0,0,0,9,1,1
20191363O0813,1,1,3,2,36,7,3,5,3,0,0,0,0,2,6
20191363O2024,1,1,1,1,18,4,3,0,0,0,0,0,9,1,3
20191363O2024,1,2,2,1,18,4,3,0,0,1,0,0,9,-1,-1
20191363P0892,2,1,1,1,27,6,3,0,0,0,0,0,9,1,7
20191363P0923,1,1,1,2,55,8,3,0,0,0,0,0,9,1,6
20191363P1658,1,1,1,1,24,5,3,0,0,0,0,0,9,1,2
20191363P2073,1,1,1,1,39,7,2,0,0,0,0,0,5,1,6
20191363Q0318,2,1,1,1,52,8,3,0,0,0,0,0,1,1,9
20191363R1082,1,1,3,2,12,3,3,5,3,0,0,0,0,-1,-1
20191363R1179,1,1,1,1,67,10,3,0,0,0,0,0,5,1,3
20191363R1410,2,1,1,2,55,8,3,0,0,0,0,0,9,1,5
20191363R1410,3,2,1,2,19,4,3,0,0,0,0,0,9,1,2
20191363S0395,1,1,3,2,47,8,3,5,1,0,0,0,0,1,2
20191363S0502,1,1,1,2,73,10,3,0,0,0,0,0,9,1,10
20191363S1720,1,1,3,1,63,9,3,5,3,0,0,0,0,1,1
20191363T0003,1,1,3,2,20,4,3,5,2,0,0,0,0,1,2
20191363T0278,1,1,1,1,25,5,3,0,0,0,0,0,9,1,3
20191363U0614,2,1,1,2,46,8,3,0,0,0,0,0,3,1,5
20191363V0543,1,1,1,2,30,6,3,0,0,0,0,0,9,1,5
20191363V0543,1,2,2,2,7,2,3,0,0,1,0,0,9,1,5
20191363V0565,2,1,2,2,26,6,3,0,0,1,0,0,9,1,3
2019136411131,2,1,1,2,46,8,3,0,0,0,0,0,9,1,1
2019136420434,2,1,1,1,36,7,3,0,0,0,0,0,1,1,8
2019136420646,1,1,3,1,12,3,3,6,9,0,0,0,0,1,3
2019136431379,1,1,3,1,40,7,2,5,1,0,0,0,0,1,1
2019136440548,1,1,3,1,48,8,3,9,9,0,0,0,0,1,4
2019136440607,2,1,1,1,17,4,3,0,0,0,0,0,9,-1,-1
2019136441327,1,1,1,2,19,4,3,0,0,0,0,0,9,1,10
2019136441327,2,2,1,2,56,9,3,0,0,0,0,0,9,1,4
2019136441327,2,3,2,2,21,5,3,0,0,1,0,0,9,1,4
2019136461152,2,1,1,2,48,8,3,0,0,0,0,0,9,1,1
2019136461996,1,1,1,2,33,6,3,0,0,0,0,0,9,1,3
2019136462168,1,1,1,1,29,6,3,0,0,0,0,0,9,1,1
2019136462168,2,2,2,2,39,7,3,0,0,2,0,0,9,1,1
2019136471003,2,1,1,2,48,8,3,0,0,0,0,0,9,1,2
2019136471003,2,2,2,2,54,8,3,0,0,1,0,0,9,1,2
2019136471003,2,3,2,2,49,8,3,0,0,2,0,0,9,1,2
2019136471300,2,1,1,1,34,6,3,0,0,0,0,0,9,1,3
2019136480090,1,1,1,1,44,7,2,0,0,0,0,0,9,-1,-1
2019136480205,2,1,1,1,56,9,3,0,0,0,0,0,1,1,9
2019136481073,2,1,1,1,51,8,3,0,0,0,0,0,9,1,1
2019136491639,2,1,1,1,50,8,3,0,0,0,0,0,9,1,3
2019136491639,2,2,2,2,24,5,3,0,0,1,0,0,9,1,3
20191364A1570,2,1,1,1,39,7,3,0,0,0,0,0,9,1,4
20191364B0205,2,1,1,1,53,8,3,0,0,0,0,0,9,1,1
20191364B0592,2,1,1,1,57,9,2,0,0,0,0,0,1,2,8
20191364B1065,2,1,1,1,32,6,3,0,0,0,0,0,10,1,1
20191364B1065,2,2,2,1,14,3,3,0,0,2,0,0,10,1,1
20191364B1065,2,3,2,1,18,4,3,0,0,2,0,0,10,1,1
20191364B1065,2,4,2,1,12,3,3,0,0,2,0,0,10,1,1
20191364B1065,2,5,2,1,15,3,3,0,0,1,0,0,10,1,2
20191364B2077,1,1,1,1,20,4,2,0,0,0,0,0,1,1,1
20191364C0881,1,1,3,1,9,2,2,4,4,0,0,0,0,1,1
20191364C1076,2,1,1,2,38,7,3,0,0,0,0,0,9,1,5
20191364C1846,1,1,2,1,21,5,3,0,0,1,0,0,9,1,1
20191364C1846,2,2,1,1,22,5,3,0,0,0,0,0,9,1,4
20191364C2107,1,1,1,1,50,8,3,0,0,0,0,0,9,1,5
20191364C2107,2,2,1,1,34,6,3,0,0,0,0,0,9,1,1
20191364D1175,1,1,1,1,48,8,3,0,0,0,0,0,3,1,1
20191364D1288,1,1,2,2,25,5,3,0,0,1,0,0,9,1,1
20191364D1288,2,2,1,2,21,5,3,0,0,0,0,0,9,1,1
20191364D1288,2,3,2,1,17,4,3,0,0,1,0,0,9,1,1
20191364E1919,1,1,1,1,20,4,3,0,0,0,0,0,9,1,1
20191364E1919,1,2,2,1,16,4,3,0,0,1,0,0,9,1,1
20191364G1067,1,1,1,1,26,6,3,0,0,0,0,0,19,1,3
20191364G1067,1,2,2,1,13,3,3,0,0,1,0,0,19,1,1
20191364G1067,2,3,1,1,20,4,3,0,0,0,0,0,9,2,10
20191364H1357,1,1,1,2,39,7,3,0,0,0,0,0,9,1,3
20191364H2044,1,1,1,1,48,8,3,0,0,0,0,0,9,1,1
20191364I0671,2,1,1,1,8,2,3,0,0,0,0,0,1,1,3
20191364I2065,1,1,1,2,21,5,3,0,0,0,0,0,9,1,5
20191364I2065,1,2,2,2,21,5,3,0,0,1,0,0,9,-1,-1
20191364J0604,2,1,1,1,37,7,3,0,0,0,0,0,9,1,2
20191364K0829,1,1,3,1,3,1,3,5,9,0,0,0,0,1,5
20191364K1425,2,1,1,2,24,5,3,0,0,0,0,0,9,1,1
20191364K1425,2,2,2,2,23,5,3,0,0,1,0,0,9,1,1
20191364L1015,2,1,1,1,61,9,3,0,0,0,0,0,1,1,3
20191364L1718,1,1,2,1,18,4,3,0,0,2,0,0,9,-1,-1
20191364L1718,2,2,1,1,26,6,3,0,0,0,0,0,9,1,3
20191364M0391,2,1,1,2,33,6,3,0,0,0,0,0,9,1,1
20191364M0530,2,1,2,2,64,9,3,0,0,1,0,0,9,1,1
20191364N1810,1,1,3,2,30,6,2,4,3,0,0,0,0,1,1
20191364O0771,1,1,3,1,5,1,2,5,1,0,0,0,0,1,2
20191364P1715,1,1,3,1,17,4,2,1,1,0,0,0,0,-1,-1
20191364R0892,2,1,1,1,19,4,3,0,0,0,0,0,9,1,2
20191364R1473,2,1,1,2,35,6,3,0,0,0,0,0,9,1,3
20191364S0975,2,1,2,2,33,6,3,0,0,1,0,0,9,1,9
20191364T1052,2,1,1,2,29,6,3,0,0,0,0,0,9,1,1
20191364U0364,1,1,1,1,82,11,3,0,0,0,0,0,9,1,1
20191364U0394,3,1,1,1,44,7,3,0,0,0,0,0,9,1,5
2019136510316,2,1,1,1,44,7,3,0,0,0,0,0,1,1,8
2019136511117,1,1,1,2,44,7,3,0,0,0,0,0,9,-1,-1
2019136511214,2,1,1,2,48,8,3,0,0,0,0,0,1,1,3
2019136511434,2,1,1,1,45,7,3,0,0,0,0,0,1,1,6
2019136511722,1,1,1,2,18,4,3,0,0,0,0,0,9,1,9
2019136511722,1,2,2,2,17,4,3,0,0,1,0,0,9,1,4
2019136511722,1,3,2,2,16,4,3,0,0,2,0,0,9,1,9
2019136511722,2,4,1,1,41,7,3,0,0,0,0,0,9,1,1
2019136511722,2,5,2,1,28,6,3,0,0,1,0,0,9,1,2
2019136520964,1,1,1,1,25,5,3,0,0,0,0,0,9,1,1
2019136521168,1,1,3,1,12,3,3,5,2,0,0,0,0,1,3
2019136521277,1,1,3,1,25,5,2,1,1,0,0,0,0,1,6
2019136531342,1,1,3,2,16,4,3,5,1,0,0,0,0,1,1
2019136531792,2,1,1,1,18,4,3,0,0,0,0,0,9,1,1
2019136540437,2,1,1,1,37,7,3,0,0,0,0,0,1,1,1
2019136541161,1,1,1,2,31,6,3,0,0,0,0,0,9,1,1
2019136541471,1,1,2,1,24,5,3,0,0,1,0,0,9,1,1
2019136541548,2,1,1,1,37,7,3,0,0,0,0,0,8,1,3
2019136550886,2,1,1,1,28,6,3,0,0,0,0,0,9,1,1
2019136551348,1,1,1,2,42,7,3,0,0,0,0,0,9,1,1
2019136551348,1,2,2,1,25,5,3,0,0,1,0,0,9,1,1
2019136551348,2,3,1,1,44,7,3,0,0,0,0,0,9,1,2
2019136571677,1,1,1,1,26,6,3,0,0,0,0,0,9,1,3
2019136571677,1,2,2,1,19,4,3,0,0,1,0,0,9,1,4
2019136580282,1,1,3,2,13,3,3,10,9,0,0,0,0,1,2
2019136580904,2,1,1,1,48,8,3,0,0,0,0,0,9,1,4
2019136580904,2,2,2,1,44,7,3,0,0,1,0,0,9,1,1
2019136580904,2,3,2,1,43,7,3,0,0,2,0,0,9,-1,-1
2019136590833,1,1,3,2,27,6,3,1,4,0,0,0,0,1,3
20191365A1304,2,1,1,2,22,5,3,0,0,0,0,0,9,1,4
20191365A1304,2,2,2,2,50,8,3,0,0,1,0,0,9,1,1
20191365A1527,1,1,1,1,21,5,1,0,0,0,0,0,4,1,1
20191365B0443,1,1,1,1,61,9,3,0,0,0,0,0,11,1,6
20191365B0785,2,1,1,1,56,9,3,0,0,0,0,0,22,1,1
20191365B1259,2,1,1,1,42,7,3,0,0,0,0,0,9,1,1
20191365D0364,1,1,3,1,60,9,3,4,9,0,0,0,0,1,2
20191365D0364,1,2,3,2,7,2,3,4,9,0,0,0,0,1,2
20191365D0675,1,1,3,1,87,11,3,10,9,0,0,0,0,1,2
20191365E1135,2,1,1,1,14,3,3,0,0,0,0,0,1,1,2
20191365F1000,1,1,1,1,23,5,3,0,0,0,0,0,9,1,4
20191365F1528,1,1,1,2,30,6,3,0,0,0,0,0,9,1,8
20191365F1528,2,2,1,2,45,7,3,0,0,0,0,0,9,2,10
20191365F1549,1,1,3,1,15,3,2,1,2,0,0,0,0,-1,-1
20191365G1299,1,1,3,2,6,2,3,10,9,0,0,0,0,1,3
20191365G1315,1,1,1,1,16,4,2,0,0,0,0,0,90,1,5
20191365I0863,1,1,1,2,30,6,3,0,0,0,0,0,9,1,3
20191365J0504,2,1,1,1,71,10,3,0,0,0,0,0,1,3,9
20191365K0280,1,1,3,2,79,11,2,5,1,0,0,0,0,1,1
20191365K0324,1,1,3,1,13,3,3,5,1,0,0,0,0,1,2
20191365K0742,2,1,1,1,50,8,3,0,0,0,0,0,3,1,3
20191365L0110,1,1,1,1,19,4,2,0,0,0,0,0,5,1,2
20191365L0252,2,1,1,1,20,4,3,0,0,0,0,0,5,-1,-1
20191365L1534,1,1,3,2,21,5,3,5,1,0,0,0,0,1,1
20191365L1789,2,1,1,1,30,6,3,0,0,0,0,0,1,2,9
20191365M0290,2,1,1,2,35,6,3,0,0,0,0,0,9,-1,-1
20191365M0290,2,2,2,2,10,2,3,0,0,1,0,0,9,-1,-1
20191365M0511,2,1,2,2,39,7,3,0,0,2,0,0,9,1,1
20191365N0276,1,1,1,1,31,6,3,0,0,0,0,0,9,1,1
20191365N0276,2,2,1,1,31,6,3,0,0,0,0,0,9,-1,-1
20191365N0403,1,1,3,1,64,9,3,5,9,0,0,0,0,1,2
20191365N0871,1,1,1,1,19,4,3,0,0,0,0,0,9,1,1
20191365N0871,2,2,2,1,53,8,3,0,0,1,0,0,9,1,1
20191365N1421,1,1,1,2,47,8,3,0,0,0,0,0,3,1,1
20191365N1785,1,1,3,1,6,2,2,5,3,0,0,0,0,1,1
20191365O1083,1,1,2,2,23,5,3,0,0,1,0,0,9,1,1
20191365O1084,1,1,1,1,23,5,2,0,0,0,0,0,3,1,4
20191365O1537,2,1,1,2,37,7,3,0,0,0,0,0,9,1,1
20191365O1537,2,2,2,1,36,7,3,0,0,1,0,0,9,1,1
20191365O1925,2,1,1,1,28,6,2,0,0,0,0,0,9,1,1
20191365P0128,1,1,3,1,17,4,3,1,1,0,0,0,0,1,1
20191365P0612,2,1,1,1,33,6,3,0,0,0,0,0,1,-1,7
20191365R0356,1,1,1,1,24,5,3,0,0,0,0,0,9,1,1
20191365R1242,2,1,1,2,30,6,3,0,0,0,0,0,9,1,2
20191365R1242,2,2,2,2,9,2,3,0,0,2,0,0,9,1,2
20191365T0746,1,1,3,1,11,3,3,4,3,0,0,0,0,1,1
20191365T1152,1,1,3,1,15,3,3,8,3,0,0,0,0,1,1
20191365T1256,1,1,1,1,68,10,3,0,0,0,0,0,9,1,10
20191365T1463,1,1,1,1,25,5,3,0,0,0,0,0,9,2,6
20191365T1471,2,1,1,2,42,7,3,0,0,0,0,0,9,-1,-1
20191365T1471,2,2,2,2,12,3,3,0,0,1,0,0,9,-1,-1
20191365T1471,2,3,2,2,17,4,3,0,0,2,0,0,9,-1,-1
20191365U0177,1,1,1,1,22,5,3,0,0,0,0,0,9,1,1
20191365U0836,1,1,1,2,20,4,3,0,0,0,0,0,9,1,1
20191365U1055,2,1,1,1,50,8,3,0,0,0,0,0,9,1,1
20191365U1204,1,1,1,1,17,4,3,0,0,0,0,0,9,1,1
20191365U1415,1,1,1,1,28,6,3,0,0,0,0,0,1,1,7
20191365V1242,1,1,3,1,42,7,2,4,3,0,0,0,0,1,1
20191365V2099,2,1,2,2,64,9,3,0,0,1,0,0,9,1,2
2019136610440,1,1,1,1,32,6,2,0,0,0,0,0,19,1,1
2019136611750,1,1,3,1,14,3,3,10,9,0,0,0,0,1,2
2019136621193,1,1,1,2,30,6,3,0,0,0,0,0,9,1,5
2019136621479,2,1,1,2,20,4,3,0,0,0,0,0,9,1,1
2019136621479,2,2,2,2,46,8,3,0,0,2,0,0,9,1,1
2019136621479,2,3,2,2,7,2,3,0,0,2,0,0,9,1,1
2019136621604,1,1,3,2,15,3,3,4,2,0,0,0,0,1,1
2019136621604,1,2,3,2,16,4,3,4,2,0,0,0,0,1,1
2019136630447,1,1,3,2,12,3,3,10,9,0,0,0,0,-1,-1
2019136631364,1,1,3,2,6,2,3,9,9,0,0,0,0,1,1
2019136631417,1,1,1,2,53,8,3,0,0,0,0,0,9,1,3
2019136641023,1,1,3,1,76,11,2,5,2,0,0,0,0,3,7
2019136651245,1,1,1,1,20,4,3,0,0,0,0,0,5,1,6
2019136660009,1,1,1,2,21,5,3,0,0,0,0,0,9,1,3
2019136660009,1,2,2,2,22,5,3,0,0,1,0,0,9,1,3
2019136660376,2,1,1,1,28,6,3,0,0,0,0,0,1,-1,8
2019136660499,2,1,1,2,55,8,3,0,0,0,0,0,9,1,7
2019136661010,1,1,2,2,77,11,3,0,0,1,0,0,9,1,2
2019136661437,1,1,3,1,46,8,3,5,1,0,0,0,0,1,2
2019136671287,1,1,1,1,88,11,3,0,0,0,0,0,8,1,6
2019136671287,1,2,2,2,86,11,3,0,0,1,0,0,8,1,6
2019136671321,2,1,1,1,18,4,3,0,0,0,0,0,9,1,1
2019136671321,2,2,2,2,46,8,3,0,0,1,0,0,9,1,1
2019136671321,2,3,2,2,44,7,3,0,0,2,0,0,9,1,1
2019136671615,1,1,1,2,23,5,3,0,0,0,0,0,9,1,1
2019136671615,1,2,2,2,23,5,3,0,0,1,0,0,9,1,1
2019136681094,1,1,2,2,6,2,3,0,0,2,0,0,9,1,1
2019136681094,1,2,2,1,7,2,3,0,0,2,0,0,9,1,1
2019136690670,2,1,1,1,41,7,2,0,0,0,0,0,1,-1,-1
2019136691236,2,1,1,1,46,8,3,0,0,0,0,0,9,1,1
2019136691599,1,1,3,1,7,2,2,5,1,0,0,0,0,1,1
20191366B1479,1,1,1,2,27,6,3,0,0,0,0,0,9,1,1
20191366B1575,1,1,1,2,47,8,3,0,0,0,0,0,9,-1,-1
20191366C0242,2,1,1,2,56,9,3,0,0,0,0,0,9,1,1
20191366C0713,1,1,3,2,16,4,3,1,1,0,0,0,0,1,4
20191366C1179,2,1,1,1,36,7,3,0,0,0,0,0,1,1,1
20191366D1353,1,1,1,1,22,5,3,0,0,0,0,0,9,-1,-1
20191366D1353,2,2,1,2,22,5,3,0,0,0,0,0,9,-1,-1
20191366D1809,2,1,2,1,37,7,3,0,0,0,4,0,11,1,6
20191366D1809,2,2,2,2,30,6,3,0,0,0,4,0,11,1,3
20191366D1809,2,3,2,2,2,1,3,0,0,0,4,0,11,1,1
20191366D1809,2,4,2,2,69,10,3,0,0,0,4,0,11,1,1
20191366D1809,2,5,2,2,31,6,3,0,0,0,4,0,11,1,1
20191366E0971,1,1,1,2,24,5,3,0,0,0,0,0,9,1,7
20191366F1162,1,1,2,1,6,2,3,0,0,2,0,0,9,1,1
20191366F1162,3,2,2,2,14,3,3,0,0,2,0,0,9,-1,-1
20191366F1799,1,1,3,1,19,4,3,5,1,0,0,0,0,2,7
20191366G0429,1,1,1,1,20,4,3,0,0,0,0,0,9,3,9
20191366G1167,1,1,2,1,35,6,3,0,0,1,0,0,9,1,1
20191366G1699,2,1,1,2,31,6,3,0,0,0,0,0,9,1,2
20191366H0553,1,1,2,2,24,5,3,0,0,1,0,0,19,1,2
20191366H0553,2,2,1,1,37,7,3,0,0,0,0,0,9,1,1
20191366H1573,2,1,1,1,39,7,3,0,0,0,0,0,9,1,3
20191366H1644,1,1,1,2,21,5,3,0,0,0,0,0,9,1,3
20191366H1856,2,1,1,2,34,6,3,0,0,0,0,0,9,1,8
20191366H1856,2,2,2,2,38,7,3,0,0,1,0,0,9,1,7
20191366I1463,2,1,1,2,38,7,3,0,0,0,0,0,9,1,1
20191366J1024,2,1,1,1,49,8,3,0,0,0,0,0,9,3,6
20191366J1784,2,1,1,2,47,8,3,0,0,0,0,0,9,1,7
20191366J2150,1,1,3,1,37,7,3,4,3,0,0,0,0,1,2
20191366K1178,1,1,3,1,59,9,1,10,9,0,0,0,0,1,2
20191366L0782,1,1,3,1,2,1,3,9,5,0,0,0,0,-1,-1
20191366L0945,1,1,3,2,32,6,2,6,9,0,0,0,0,1,1
20191366L1023,2,1,1,1,29,6,3,0,0,0,0,0,8,1,1
20191366L1283,1,1,1,1,48,8,3,0,0,0,0,0,9,1,3
20191366L1405,1,1,1,1,61,9,3,0,0,0,0,0,9,1,3
20191366L1405,2,2,2,1,40,7,3,0,0,0,4,0,11,1,1
20191366L1405,2,3,2,1,13,3,3,0,0,0,4,0,11,1,5
20191366M1001,1,1,3,2,13,3,3,1,3,0,0,0,0,1,6
20191366M1340,1,1,1,1,44,7,3,0,0,0,0,0,1,1,6
20191366M1400,1,1,3,1,5,1,3,5,3,0,0,0,0,1,3
20191366N0605,1,1,1,1,66,10,3,0,0,0,0,0,9,1,1
20191366O0099,1,1,1,1,49,8,3,0,0,0,0,0,9,1,1
20191366O0885,1,1,1,2,69,10,3,0,0,0,0,0,9,1,9
20191366O0885,2,2,1,1,38,7,3,0,0,0,0,0,9,1,5
20191366P0955,1,1,2,2,80,11,2,0,0,1,0,0,9,1,2
20191366P0955,1,2,1,1,82,11,3,0,0,0,0,0,9,1,2
20191366P0955,2,3,1,1,35,6,3,0,0,0,0,0,9,-1,-1
20191366P0955,2,4,2,1,35,6,3,0,0,1,0,0,9,-1,-1
20191366P1342,2,1,2,1,60,9,3,0,0,1,0,0,9,-1,-1
20191366P1484,2,1,2,2,34,6,3,0,0,1,0,0,9,1,1
20191366P1484,2,2,2,2,51,8,3,0,0,2,0,0,9,1,1
20191366Q1384,2,1,1,2,24,5,3,0,0,0,0,0,9,1,3
20191366Q1409,2,1,1,1,60,9,3,0,0,0,0,0,1,1,10
20191366Q1555,1,1,3,2,20,4,3,5,1,0,0,0,0,1,5
20191366R0138,1,1,1,1,60,9,3,0,0,0,0,0,9,1,4
20191366R0138,1,2,2,1,20,4,3,0,0,1,0,0,9,1,4
20191366R1011,1,1,3,1,50,8,3,5,4,0,0,0,0,1,7
20191366R1060,2,1,1,1,47,8,3,0,0,0,0,0,1,1,5
20191366R1382,2,1,1,1,57,9,3,0,0,0,0,0,1,2,9
20191366R1569,1,1,1,1,6,2,2,0,0,0,0,0,1,1,5
20191366S0523,2,1,1,1,22,5,3,0,0,0,0,0,9,1,7
20191366S0694,1,1,3,1,2,1,3,5,2,0,0,0,0,1,1
20191366S0694,1,2,3,2,12,3,3,5,2,0,0,0,0,1,1
20191366S0754,1,1,3,2,90,11,2,9,6,0,0,0,0,1,10
20191366S1199,1,1,3,1,4,1,3,5,3,0,0,0,0,-1,-1
20191366S1248,2,1,1,2,56,9,3,0,0,0,0,0,9,1,8
20191366S1336,1,2,1,2,38,7,3,0,0,0,0,0,9,1,7
20191366S1336,2,1,1,1,44,7,3,0,0,0,0,0,5,1,9
20191366S1375,1,1,3,2,90,11,2,5,1,0,0,0,0,-1,-1
20191366S1523,1,1,3,1,3,1,3,5,1,0,0,0,0,-1,-1
20191366T1728,1,1,3,1,38,7,3,1,1,0,0,0,0,1,1
20191366T2300,1,1,3,2,50,8,3,5,1,0,0,0,0,1,1
20191366U0475,1,1,1,1,45,7,2,0,0,0,0,0,5,1,1
20191366U1260,1,1,3,1,34,6,3,5,1,0,0,0,0,1,1
2019136710299,1,1,3,1,13,3,3,5,1,0,0,0,0,1,7
2019136720426,1,1,1,2,85,11,3,0,0,0,0,0,9,1,4
2019136721083,1,1,1,1,18,4,2,0,0,0,0,0,9,1,1
2019136721083,1,2,2,1,15,3,2,0,0,1,0,0,9,1,5
2019136721083,2,3,1,1,31,6,3,0,0,0,0,0,9,1,1
2019136721186,1,1,3,2,58,9,3,1,1,0,0,0,0,1,1
2019136722146,1,1,1,1,28,6,3,0,0,0,0,0,9,1,2
2019136722146,2,2,1,1,48,8,3,0,0,0,0,0,9,1,1
2019136731141,1,1,1,1,13,3,2,0,0,0,0,0,1,1,2
2019136741272,1,1,2,2,69,10,3,0,0,1,0,0,9,1,3
2019136741352,1,1,1,1,27,6,3,0,0,0,0,0,3,1,1
2019136741588,1,1,2,1,31,6,3,0,0,1,0,0,9,1,7
2019136741588,1,2,2,2,17,4,3,0,0,2,0,0,9,1,7
2019136750836,2,1,1,1,21,5,2,0,0,0,0,0,3,-1,-1
2019136751011,1,1,1,1,21,5,3,0,0,0,0,0,9,1,8
2019136760572,2,1,1,1,21,5,3,0,0,0,0,0,1,1,7
2019136760928,2,1,1,1,44,7,3,0,0,0,0,0,1,-1,-1
2019136761795,1,1,1,1,48,8,3,0,0,0,0,0,9,1,5
2019136761795,1,2,2,2,45,7,3,0,0,1,0,0,9,1,5
2019136761795,1,3,2,1,17,4,3,0,0,2,0,0,9,1,5
2019136761899,2,1,1,2,30,6,2,0,0,0,0,0,9,1,1
2019136771141,1,1,3,1,57,9,2,10,9,0,0,0,0,1,1
2019136780284,1,1,2,2,41,7,3,0,0,1,0,0,90,-1,5
2019136780284,2,2,1,2,63,9,3,0,0,0,0,0,9,1,5
2019136780691,1,1,2,2,55,8,3,0,0,1,0,0,9,1,1
2019136780691,1,2,2,2,46,8,3,0,0,2,0,0,9,1,1
2019136781221,1,1,1,1,79,11,3,0,0,0,0,0,9,2,4
2019136781687,1,1,3,2,62,9,3,5,1,0,0,0,0,1,1
2019136781687,1,2,3,2,10,2,3,5,1,0,0,0,0,1,1
2019136781738,1,1,3,2,32,6,2,5,4,0,0,0,0,1,1
2019136781866,2,1,1,2,59,9,3,0,0,0,0,0,9,1,6
2019136791086,1,1,3,1,13,3,2,5,1,0,0,0,0,1,1
20191367A1066,1,1,1,1,47,8,3,0,0,0,0,0,9,1,1
20191367A1066,1,2,2,2,15,3,3,0,0,1,0,0,9,1,1
20191367A1066,2,3,1,2,39,7,3,0,0,0,0,0,9,1,10
20191367A1066,2,4,2,2,62,9,3,0,0,2,0,0,9,1,10
20191367A1066,2,5,2,1,63,9,3,0,0,1,0,0,9,1,10
20191367A1066,2,6,2,1,1,1,3,0,0,2,0,0,9,1,10
20191367A1239,1,1,1,1,7,2,2,0,0,0,0,0,1,1,1
20191367A1456,1,1,1,1,20,4,3,0,0,0,0,0,4,-1,-1
20191367A2161,1,1,1,1,22,5,3,0,0,0,0,0,9,1,1
20191367B1654,2,1,1,1,55,8,2,0,0,0,0,0,1,2,9
20191367B1814,1,1,1,1,47,8,3,0,0,0,0,0,9,1,7
20191367C1391,2,1,1,2,25,5,3,0,0,0,0,0,9,1,5
20191367D0367,2,1,1,1,45,7,3,0,0,0,0,0,9,1,1
20191367E0365,1,1,2,1,14,3,2,0,0,2,0,0,9,1,1
20191367E0456,2,1,1,1,68,10,2,0,0,0,0,0,19,1,2
20191367E0915,1,1,3,2,11,3,3,5,9,0,0,0,0,1,1
20191367F0276,1,1,1,2,35,6,3,0,0,0,0,0,9,1,7
20191367F0276,2,2,1,2,48,8,3,0,0,0,0,0,9,1,2
20191367G0777,1,1,3,1,62,9,3,5,9,0,0,0,0,-1,-1
20191367H1500,1,1,2,1,51,8,3,0,0,1,0,0,9,1,8
20191367I1571,2,1,1,1,30,6,3,0,0,0,0,0,9,-1,-1
20191367J1797,1,1,3,1,9,2,2,5,2,0,0,0,0,-1,-1
20191367K0938,1,1,3,2,19,4,3,1,1,0,0,0,0,1,9
20191367K1310,2,1,2,2,52,8,3,0,0,1,0,0,9,1,5
20191367L0347,1,1,1,1,21,5,2,0,0,0,0,0,9,1,1
20191367L0347,1,2,2,2,28,6,2,0,0,1,0,0,9,1,3
20191367L0846,1,1,1,1,38,7,3,0,0,0,0,0,9,-1,-1
20191367M1656,1,1,3,2,50,8,3,10,9,0,0,0,0,1,4
20191367N0378,1,1,1,1,20,4,3,0,0,0,0,0,9,1,1
20191367N0378,2,2,1,2,25,5,2,0,0,0,0,0,9,1,6
20191367N0503,2,1,1,2,28,6,3,0,0,0,0,0,9,1,6
20191367N0778,2,1,2,1,40,7,3,0,0,0,4,0,11,1,1
20191367N0778,2,2,2,1,34,6,3,0,0,0,4,0,11,1,6
20191367N1558,2,1,1,2,61,9,3,0,0,0,0,0,9,2,4
20191367N1558,2,2,2,1,66,10,3,0,0,1,0,0,9,2,4
20191367N1716,1,1,3,1,6,2,3,5,1,0,0,0,0,1,4
20191367O0333,2,1,1,1,55,8,3,0,0,0,0,0,1,1,1
20191367O1321,2,1,1,1,40,7,3,0,0,0,0,0,9,-1,-1
20191367O2047,1,1,3,2,67,10,3,9,5,0,0,0,0,1,4
20191367O2159,2,1,1,2,26,6,3,0,0,0,0,0,9,1,4
20191367P0549,1,1,3,1,62,9,3,1,1,0,0,0,0,1,10
20191367P1186,1,1,3,1,36,7,3,5,9,0,0,0,0,1,5
20191367P1186,1,2,3,2,2,1,3,5,9,0,0,0,0,1,5
20191367P2174,2,1,1,2,40,7,3,0,0,0,0,0,9,-1,-1
20191367Q0337,1,1,1,1,34,6,2,0,0,0,0,0,1,1,6
20191367Q0400,1,1,1,1,31,6,3,0,0,0,0,0,5,1,4
20191367Q1009,1,1,1,2,6,2,2,0,0,0,0,0,1,1,1
20191367Q1766,1,1,3,2,3,1,3,5,2,0,0,0,0,1,1
20191367R0938,1,1,2,2,1,1,3,0,0,2,0,0,9,1,1
20191367S1136,2,1,1,1,53,8,3,0,0,0,0,0,9,1,1
20191367T0051,1,5,2,2,55,8,3,0,0,2,0,0,9,1,3
20191367T0051,2,1,1,1,27,6,3,0,0,0,0,0,9,1,1
20191367T0051,2,2,2,2,51,8,3,0,0,1,0,0,9,1,1
20191367T0051,2,3,2,1,54,8,3,0,0,2,0,0,9,1,1
20191367T0051,2,4,2,2,21,5,3,0,0,2,0,0,9,1,1
20191367T0609,2,1,1,2,54,8,3,0,0,0,0,0,9,1,4
20191367T1362,1,1,3,1,4,1,3,5,3,0,0,0,0,1,7
20191367U0052,1,1,1,1,40,7,2,0,0,0,0,0,9,-1,-1
20191367U0052,1,2,2,1,47,8,2,0,0,1,0,0,9,-1,-1
20191367U1379,2,1,1,1,22,5,3,0,0,0,0,0,3,1,6
20191367V1486,1,1,3,1,2,1,3,9,9,0,0,0,0,1,1
2019136820377,2,1,1,2,21,5,3,0,0,0,0,0,9,1,1
2019136821210,2,1,2,1,55,8,3,0,0,2,0,0,8,-1,-1
2019136821411,2,1,1,2,39,7,3,0,0,0,0,0,9,1,4
2019136821411,2,2,2,1,17,4,3,0,0,1,0,0,9,1,4
2019136821932,1,1,1,1,35,6,3,0,0,0,0,0,9,1,2
2019136830919,1,1,3,1,25,5,2,10,9,0,0,0,0,-1,-1
2019136840522,1,1,1,2,39,7,3,0,0,0,0,0,9,1,6
2019136850158,1,1,2,1,18,4,2,0,0,2,0,0,9,1,1
2019136851225,2,1,1,1,40,7,3,0,0,0,0,0,19,1,1
2019136860220,2,1,1,1,40,7,3,0,0,0,0,0,9,1,1
2019136860499,2,1,1,2,25,5,3,0,0,0,0,0,9,1,1
2019136860499,2,2,2,2,25,5,3,0,0,1,0,0,9,1,2
2019136870451,1,1,3,2,89,11,1,5,1,0,0,0,0,1,3
2019136870587,2,1,1,2,19,4,2,0,0,0,0,0,1,1,1
2019136871364,2,1,1,2,24,5,3,0,0,0,0,0,9,2,9
2019136880745,1,1,3,1,91,11,2,9,5,0,0,0,0,1,10
2019136882035,1,1,1,2,18,4,3,0,0,0,0,0,9,1,5
2019136882035,1,2,2,2,18,4,3,0,0,1,0,0,9,1,1
2019136891006,2,1,1,1,75,10,3,0,0,0,0,0,22,1,6
2019136891207,3,1,1,2,45,7,3,0,0,0,0,0,9,1,3
2019136891752,2,1,1,2,20,4,3,0,0,0,0,0,9,1,2
2019136891965,1,1,1,2,46,8,3,0,0,0,0,0,9,1,2
20191368A1022,1,1,1,1,22,5,3,0,0,0,0,0,9,-1,-1
20191368A1022,2,2,1,2,20,4,3,0,0,0,0,0,9,-1,-1
20191368A1088,2,1,1,2,33,6,3,0,0,0,0,0,9,1,1
20191368A1088,2,2,2,2,3,1,3,0,0,1,0,0,9,1,1
20191368A1809,1,1,3,1,22,5,3,5,4,0,0,0,0,1,4
20191368C1167,2,1,1,2,40,7,3,0,0,0,0,0,9,1,7
20191368C1635,1,1,3,1,2,1,3,5,3,0,0,0,0,1,4
20191368D0203,1,1,1,1,24,5,2,0,0,0,0,0,9,3,6
20191368D0203,2,2,1,1,33,6,3,0,0,0,0,0,19,1,2
20191368D1093,1,1,2,1,84,11,3,0,0,0,1,0,11,1,7
20191368D1406,1,1,1,1,28,6,3,0,0,0,0,0,19,1,6
20191368D1406,2,2,2,1,19,4,3,0,0,1,0,0,9,1,4
20191368D1406,2,3,1,1,18,4,3,0,0,0,0,0,9,1,2
20191368E0938,1,1,3,1,55,8,3,6,9,0,0,0,0,1,6
20191368G0084,2,1,1,1,51,8,3,0,0,0,0,0,9,1,1
20191368G1405,1,1,3,1,16,4,3,5,1,0,0,0,0,1,5
20191368G1689,2,1,2,1,20,4,3,0,0,1,0,0,9,1,1
20191368H0066,2,1,1,1,28,6,3,0,0,0,0,0,9,-1,-1
20191368H0187,1,1,3,1,36,7,3,5,1,0,0,0,0,1,2
20191368H0490,2,1,1,1,64,9,3,0,0,0,0,0,9,-1,-1
20191368H2047,1,1,3,1,57,9,3,5,3,0,0,0,0,1,4
20191368I0490,1,1,1,1,20,4,3,0,0,0,0,0,3,1,2
20191368I0878,1,1,1,1,20,4,3,0,0,0,0,0,1,1,4
20191368J0534,2,1,1,1,35,6,3,0,0,0,0,0,9,1,3
20191368J0823,1,1,3,2,51,8,3,1,1,0,0,0,0,1,10
20191368J0951,1,1,1,2,45,7,3,0,0,0,0,0,9,1,3
20191368J1266,2,1,1,1,25,5,3,0,0,0,0,0,3,1,4
20191368J2091,1,1,1,1,16,4,3,0,0,0,0,0,9,1,2
20191368K1249,1,1,3,2,3,1,3,6,9,0,0,0,0,1,5
20191368K1615,1,1,3,1,39,7,2,10,9,0,0,0,0,1,7
20191368M0542,2,1,2,1,22,5,3,0,0,1,0,0,19,1,1
20191368M1167,1,1,1,2,20,4,2,0,0,0,0,0,9,1,3
20191368M1167,2,2,1,2,80,11,2,0,0,0,0,0,9,1,10
20191368N1136,2,1,1,1,43,7,3,0,0,0,0,0,1,2,9
20191368N1200,1,1,3,1,9,2,3,5,3,0,0,0,0,1,3
20191368N1435,2,1,1,1,23,5,3,0,0,0,0,0,4,1,1
20191368O1069,1,1,3,2,9,2,3,6,9,0,0,0,0,1,1
20191368O1276,1,1,2,1,17,4,3,0,0,1,0,0,9,1,4
20191368O1276,1,2,2,1,17,4,3,0,0,1,0,0,9,2,6
20191368O1276,1,3,2,1,17,4,3,0,0,2,0,0,9,1,1
20191368O1276,1,4,2,1,17,4,3,0,0,2,0,0,9,1,1
20191368P0311,1,1,1,2,23,5,3,0,0,0,0,0,9,1,1
20191368P0583,1,1,1,1,53,8,3,0,0,0,0,0,9,2,5
20191368P0583,2,2,1,2,80,11,3,0,0,0,0,0,9,1,5
20191368P0583,2,3,2,1,54,8,3,0,0,1,0,0,9,1,5
20191368Q1798,2,1,1,1,3,1,3,0,0,0,0,0,1,1,2
20191368R0394,2,1,1,1,61,9,3,0,0,0,0,0,9,1,5
20191368R1583,2,1,1,2,41,7,2,0,0,0,0,0,9,1,3
20191368R1699,2,1,2,2,43,7,3,0,0,1,0,0,9,-1,-1
20191368R1775,1,1,3,1,50,8,2,5,1,0,0,0,0,1,3
20191368S0358,2,1,1,1,30,6,3,0,0,0,0,0,1,-1,-1
20191368T0296,2,1,1,1,50,8,3,0,0,0,0,0,1,3,7
20191368T0326,1,1,1,1,69,10,3,0,0,0,0,0,9,1,2
20191368T0482,2,1,1,1,28,6,3,0,0,0,0,0,1,1,1
20191368T1544,2,1,2,2,75,10,3,0,0,2,4,0,11,1,7
20191368T1544,2,2,2,2,70,10,3,0,0,2,4,0,11,1,2
20191368T1544,2,3,2,1,1,1,3,0,0,2,4,0,11,1,2
20191368U0339,1,1,1,1,27,6,2,0,0,0,0,0,9,1,1
20191368U0339,1,2,2,2,19,4,2,0,0,1,0,0,9,1,1
20191368U1291,2,1,1,2,49,8,3,0,0,0,0,0,9,1,10
20191368V0727,1,1,1,1,34,6,3,0,0,0,0,0,9,1,4
20191368V1639,1,1,2,2,29,6,3,0,0,2,0,0,9,1,1
20191368V1639,1,2,2,1,19,4,3,0,0,1,0,0,9,1,3
2019136910680,1,1,1,2,26,6,3,0,0,0,0,0,9,1,1
2019136911164,1,1,1,1,45,7,3,0,0,0,0,0,9,1,7
2019136920343,2,1,1,1,42,7,3,0,0,0,0,0,9,1,1
2019136940772,1,1,2,1,24,5,3,0,0,2,0,0,9,1,3
2019136941225,1,1,1,1,32,6,2,0,0,0,0,0,3,1,1
2019136951157,1,1,1,2,47,8,3,0,0,0,0,0,9,1,1
2019136951157,2,2,1,1,53,8,3,0,0,0,0,0,9,1,5
2019136951157,2,3,2,1,8,2,3,0,0,1,0,0,9,1,5
2019136951234,2,1,1,1,56,9,3,0,0,0,0,0,9,1,1
2019136960537,2,1,1,1,26,6,3,0,0,0,0,0,9,-1,6
2019136970432,1,1,3,1,63,9,1,1,3,0,0,0,0,-1,-1
2019136971380,1,1,3,2,3,1,2,5,2,0,0,0,0,1,1
2019136972196,1,1,2,2,31,6,3,0,0,1,0,0,9,1,3
2019136972196,1,2,2,2,33,6,3,0,0,2,0,0,9,1,3
2019136981224,1,1,3,2,18,4,3,5,1,0,0,0,0,1,1
2019136981767,1,1,1,1,26,6,3,0,0,0,0,0,9,1,1
2019136981767,1,2,2,2,28,6,3,0,0,1,0,0,9,1,1
2019136981767,2,3,1,2,21,5,3,0,0,0,0,0,9,1,3
2019136981767,2,4,2,1,30,6,3,0,0,1,0,0,9,1,1
2019136991810,1,1,1,1,25,5,3,0,0,0,0,0,9,1,4
2019136991810,1,2,2,1,20,4,3,0,0,1,0,0,9,1,1
20191369A0248,1,1,3,1,20,4,2,4,2,0,0,0,0,-1,-1
20191369A0741,1,1,3,2,64,9,3,9,5,0,0,0,0,1,2
20191369A2002,1,1,2,1,18,4,1,0,0,2,0,0,9,1,1
20191369A2002,1,2,2,1,17,4,3,0,0,2,0,0,9,1,1
20191369A2002,1,3,2,1,17,4,3,0,0,2,0,0,9,1,1
20191369B1565,1,1,3,2,3,1,2,10,9,0,0,0,0,1,2
20191369C0643,1,1,3,1,19,4,3,9,6,0,0,0,0,1,3
20191369C0817,1,1,1,1,44,7,3,0,0,0,0,0,1,2,10
20191369C1713,1,1,1,2,39,7,3,0,0,0,0,0,9,-1,-1
20191369C1863,2,1,2,2,29,6,3,0,0,1,0,0,9,1,1
20191369C2015,1,1,1,2,26,6,3,0,0,0,0,0,9,1,1
20191369D0707,1,1,3,2,37,7,3,5,1,0,0,0,0,1,7
20191369D1782,1,1,3,2,1,1,2,5,2,0,0,0,0,1,1
20191369E1038,1,1,1,2,34,6,3,0,0,0,0,0,9,1,4
20191369E1038,1,2,2,1,16,4,3,0,0,1,0,0,9,1,4
20191369E1038,2,3,1,1,46,8,3,0,0,0,0,0,9,1,1
20191369E1038,2,4,2,2,42,7,3,0,0,1,0,0,9,1,1
20191369E1038,2,5,2,2,13,3,3,0,0,2,0,0,9,1,1
20191369E1038,2,6,2,2,16,4,3,0,0,2,0,0,9,1,1
20191369E1038,2,7,2,2,10,2,3,0,0,2,0,0,9,1,1
20191369E1326,2,1,2,2,23,5,3,0,0,1,0,0,9,1,3
20191369F0963,1,1,2,1,16,4,2,0,0,2,0,0,9,1,1
20191369F0963,2,2,1,1,47,8,3,0,0,0,0,0,9,1,8
20191369F1165,2,1,1,2,42,7,3,0,0,0,0,0,9,1,4
20191369G0873,2,1,1,2,49,8,3,0,0,0,0,0,9,1,10
20191369H0283,2,1,1,2,40,7,3,0,0,0,0,0,9,1,6
20191369H0874,1,1,1,1,36,7,3,0,0,0,0,0,9,-1,-1
20191369H0874,2,2,1,1,34,6,3,0,0,0,0,0,9,-1,-1
20191369H1108,1,1,3,1,4,1,3,5,3,0,0,0,0,1,2
20191369H1652,1,1,3,2,70,10,3,1,3,0,0,0,0,1,1
20191369H1817,2,1,1,2,39,7,3,0,0,0,0,0,9,3,8
20191369H2103,2,1,1,2,42,7,3,0,0,0,0,0,9,-1,-1
20191369I0234,2,1,1,2,58,9,3,0,0,0,0,0,9,1,5
20191369I0298,2,1,1,1,48,8,3,0,0,0,0,0,1,2,6
20191369I0701,1,1,3,1,102,11,3,5,1,0,0,0,0,1,9
20191369I1464,1,1,1,1,68,10,3,0,0,0,0,0,9,1,2
20191369I1464,2,2,1,2,23,5,3,0,0,0,0,0,9,3,4
20191369I1464,2,3,2,2,21,5,3,0,0,1,0,0,9,1,2
20191369I1687,1,1,3,1,11,3,3,5,1,0,0,0,0,1,3
20191369J0760,2,1,1,1,43,7,3,0,0,0,0,0,1,1,1
20191369K0314,2,1,1,1,38,7,2,0,0,0,0,0,1,1,7
20191369K0364,1,1,1,1,32,6,3,0,0,0,0,0,9,1,8
20191369K1604,1,1,1,1,32,6,3,0,0,0,0,0,9,1,1
20191369K1799,2,1,1,2,55,8,3,0,0,0,0,0,1,1,1
20191369M0515,2,1,2,2,13,3,3,0,0,1,0,0,9,-1,-1
20191369M0515,2,2,2,2,16,4,3,0,0,2,0,0,9,1,3
20191369M1864,1,1,1,2,23,5,3,0,0,0,0,0,9,1,1
20191369M1864,2,2,1,2,22,5,3,0,0,0,0,0,9,1,1
20191369M1864,2,3,2,2,19,4,3,0,0,1,0,0,9,1,1
20191369N0003,1,1,1,1,39,7,2,0,0,0,0,0,9,1,1
20191369N0003,1,2,2,1,23,5,2,0,0,1,0,0,9,1,3
20191369N0003,2,3,1,1,62,9,3,0,0,0,0,0,9,1,3
20191369N0003,2,4,2,1,50,8,3,0,0,1,0,0,9,1,1
20191369N0003,2,5,2,2,44,7,3,0,0,2,0,0,9,1,1
20191369N0003,2,6,2,2,44,7,2,0,0,2,0,0,9,1,1
20191369O1206,1,1,2,2,18,4,3,0,0,2,0,0,9,2,7
20191369O1206,1,2,2,1,23,5,3,0,0,1,0,0,9,2,4
20191369O1217,2,1,1,1,30,6,3,0,0,0,0,0,9,1,6
20191369O1217,2,2,2,2,9,2,3,0,0,1,0,0,9,1,6
20191369O1218,1,1,2,2,33,6,3,0,0,1,0,0,9,-1,-1
20191369O1703,1,1,1,1,21,5,3,0,0,0,0,0,9,1,3
20191369O1703,1,2,2,2,23,5,3,0,0,1,0,0,9,-1,-1
20191369O1703,1,3,2,2,22,5,3,0,0,2,0,0,9,-1,-1
20191369P1068,2,1,1,2,34,6,3,0,0,0,0,0,9,1,1
20191369P1068,2,2,2,1,10,2,3,0,0,2,0,0,9,1,1
20191369P1068,2,3,2,2,8,2,3,0,0,2,0,0,9,1,1
20191369P2242,1,1,1,1,28,6,3,0,0,0,0,0,9,-1,-1
20191369P2242,2,2,1,1,54,8,3,0,0,0,0,0,9,-1,-1
20191369Q0672,1,1,1,1,33,6,3,0,0,0,0,0,1,-1,-1
20191369Q0922,1,1,3,1,14,3,2,1,1,0,0,0,0,1,1
20191369Q1079,1,1,1,2,70,10,3,0,0,0,0,0,9,1,1
20191369Q1079,1,2,2,2,58,9,3,0,0,1,0,0,9,1,1
20191369R0286,1,1,1,2,31,6,3,0,0,0,0,0,9,-1,-1
20191369R0728,1,1,1,2,61,9,3,0,0,0,0,0,9,1,4
20191369R1189,1,1,3,1,14,3,3,6,9,0,0,0,0,1,3
20191369R1283,2,1,2,2,34,6,3,0,0,1,0,0,9,1,1
20191369R1283,2,2,2,2,50,8,3,0,0,1,0,0,9,1,3
20191369R1283,2,3,2,2,28,6,3,0,0,2,0,0,9,1,4
20191369S1357,1,1,3,2,53,8,3,8,1,0,0,0,0,2,5
20191369T0270,2,1,1,1,38,7,3,0,0,0,0,0,9,1,1
20191369T1501,1,1,1,1,19,4,3,0,0,0,0,0,9,1,2
20191369U1459,1,1,1,1,68,10,3,0,0,0,0,0,5,1,3
2019136A10513,1,1,2,2,43,7,3,0,0,1,0,0,9,3,7
2019136A10513,2,2,1,1,67,10,3,0,0,0,0,0,17,3,5
2019136A10759,1,1,1,2,36,7,3,0,0,0,0,0,9,2,5
2019136A11266,2,1,1,1,29,6,3,0,0,0,0,0,9,1,5
2019136A11421,2,1,1,2,34,6,3,0,0,0,0,0,9,1,1
2019136A21158,2,1,1,1,45,7,3,0,0,0,0,0,9,-1,-1
2019136A21917,2,1,1,2,36,7,3,0,0,0,0,0,9,1,4
2019136A21917,2,2,2,1,41,7,3,0,0,1,0,0,9,1,4
2019136A30442,1,1,1,1,81,11,3,0,0,0,0,0,9,1,7
2019136A31275,1,1,1,1,49,8,3,0,0,0,0,0,9,1,4
2019136A31275,1,2,2,2,2,1,2,0,0,2,0,0,9,1,4
2019136A41962,1,1,3,2,47,8,2,4,4,0,0,0,0,1,4
2019136A61257,1,1,1,1,50,8,3,0,0,0,0,0,9,1,1
2019136A71671,1,1,3,2,39,7,3,8,3,0,0,0,0,1,2
2019136A81222,1,1,3,2,16,4,3,5,2,0,0,0,0,1,1
2019136A90259,1,1,1,1,38,7,3,0,0,0,0,0,1,-1,-1
2019136A90312,1,1,1,1,47,8,3,0,0,0,0,0,9,1,1
2019136A90312,2,2,1,1,30,6,3,0,0,0,0,0,9,1,1
2019136A90962,3,1,2,1,8,2,3,0,0,2,0,0,9,1,9
2019136A90962,3,2,2,2,60,9,3,0,0,1,0,0,9,1,9
2019136A91063,1,1,1,2,51,8,3,0,0,0,0,0,9,1,1
2019136A91295,1,1,3,2,4,1,3,5,2,0,0,0,0,1,1
2019136A91322,1,1,1,1,42,7,3,0,0,0,0,0,9,1,1
2019136A91523,1,1,1,2,41,7,3,0,0,0,0,0,9,2,4
2019136A91523,2,2,2,2,68,10,3,0,0,1,0,0,9,-1,-1
2019136A91714,1,1,1,1,31,6,3,0,0,0,0,0,9,1,3
2019136AA1793,1,1,3,1,17,4,3,5,3,0,0,0,0,2,7
2019136AB0622,1,1,1,1,19,4,3,0,0,0,0,0,9,1,1
2019136AB1026,1,1,1,1,22,5,3,0,0,0,0,0,9,1,1
2019136AB1026,1,2,2,1,24,5,3,0,0,2,0,0,9,1,1
2019136AB1026,3,3,1,1,38,7,3,0,0,0,0,0,19,1,3
2019136AB1115,1,1,3,1,1,1,2,1,3,0,0,0,0,1,1
2019136AB1788,1,1,1,1,28,6,3,0,0,0,0,0,9,1,3
2019136AC0238,2,1,1,1,18,4,3,0,0,0,0,0,1,1,1
2019136AC0346,1,1,2,2,24,5,2,0,0,1,0,0,9,1,2
2019136AC1505,1,1,3,2,47,8,3,10,5,0,0,0,0,1,6
2019136AD0978,1,1,1,2,40,7,3,0,0,0,0,0,9,1,1
2019136AD1607,3,1,1,1,45,7,3,0,0,0,0,0,9,1,4
2019136AD1905,1,1,1,1,26,6,3,0,0,0,0,0,9,1,1
2019136AE0724,2,1,1,1,22,5,3,0,0,0,0,0,9,1,5
2019136AE0984,1,1,1,1,45,7,3,0,0,0,0,0,9,1,3
2019136AE0984,1,2,2,2,52,8,3,0,0,1,0,0,9,1,3
2019136AG0149,1,1,1,1,43,7,2,0,0,0,0,0,9,1,1
2019136AG0381,1,1,3,2,17,4,3,1,9,0,0,0,0,-1,-1
2019136AG0416,2,1,1,2,32,6,3,0,0,0,0,0,9,-1,-1
2019136AG1036,1,1,3,1,11,3,3,5,1,0,0,0,0,1,1
2019136AG1547,2,1,1,1,54,8,2,0,0,0,0,0,8,1,4
2019136AH0338,2,1,1,1,36,7,2,0,0,0,0,0,1,1,3
2019136AH0697,1,1,1,1,19,4,2,0,0,0,0,0,1,1,3
2019136AI0197,2,1,1,1,17,4,3,0,0,0,0,0,1,1,1
2019136AI0293,1,1,3,2,13,3,3,5,1,0,0,0,0,1,4
2019136AI0877,1,1,3,1,17,4,3,5,1,0,0,0,0,1,5
2019136AI1181,1,1,1,1,43,7,2,0,0,0,0,0,1,1,5
2019136AI1240,2,1,1,1,23,5,3,0,0,0,0,0,9,1,6
2019136AI1922,1,1,3,1,30,6,3,9,6,0,0,0,0,1,1
2019136AK0781,1,1,1,1,17,4,3,0,0,0,0,0,1,1,2
2019136AK0781,1,2,3,2,18,4,3,5,1,0,0,0,0,1,1
2019136AK1897,1,1,1,1,25,5,3,0,0,0,0,0,9,1,1
2019136AK1899,1,1,1,1,22,5,2,0,0,0,0,0,9,1,2
2019136AK1899,1,2,2,1,22,5,2,0,0,1,0,0,9,1,1
2019136AL1098,1,1,3,1,12,3,3,5,1,0,0,0,0,1,5
2019136AL1137,2,1,2,2,14,3,3,0,0,1,0,0,9,1,1
2019136AL1945,1,1,2,1,19,4,3,0,0,1,0,0,9,1,1
2019136AM0272,1,1,2,1,4,1,3,0,0,2,0,0,9,1,1
2019136AM0272,2,2,1,1,29,6,3,0,0,0,0,0,9,1,5
2019136AM1251,1,1,3,1,19,4,2,1,1,0,0,0,0,1,1
2019136AM1683,1,1,2,1,16,4,3,0,0,1,0,0,9,1,1
2019136AN0293,1,1,3,1,13,3,2,7,1,0,0,0,0,1,4
2019136AN0423,1,1,3,1,41,7,3,9,7,0,0,0,0,1,1
2019136AN0848,1,1,3,2,33,6,3,1,1,0,0,0,0,1,2
2019136AN1064,1,1,1,2,39,7,3,0,0,0,0,0,9,1,4
2019136AN1064,2,2,1,1,50,8,3,0,0,0,0,0,9,1,2
2019136AO0043,1,1,1,1,24,5,3,0,0,0,0,0,90,1,1
2019136AO0043,1,2,2,2,25,5,3,0,0,1,0,0,90,1,1
2019136AO0043,2,3,1,1,59,9,3,0,0,0,0,0,8,1,2
2019136AO0043,2,4,2,1,66,10,2,0,0,2,0,0,8,1,3
2019136AO1233,1,1,2,2,43,7,3,0,0,1,0,0,9,1,1
2019136AP1284,2,1,2,2,2,1,3,0,0,2,0,0,8,1,1
2019136AP1305,1,1,1,2,76,11,3,0,0,0,0,0,9,2,2
2019136AP1315,2,1,2,2,27,6,3,0,0,2,0,0,8,1,7
2019136AP1539,2,1,1,1,53,8,2,0,0,0,0,0,3,1,5
2019136AP1685,1,1,1,1,26,6,3,0,0,0,0,0,9,2,4
2019136AR1165,2,1,2,2,19,4,3,0,0,1,0,0,9,1,3
2019136AS0349,1,1,1,2,23,5,3,0,0,0,0,0,9,1,1
2019136AS1438,2,1,1,1,34,6,3,0,0,0,0,0,3,-1,3
2019136AT0204,1,1,1,2,25,5,3,0,0,0,0,0,9,1,1
2019136AT0867,1,1,2,2,31,6,3,0,0,1,0,0,9,1,2
2019136AT0867,1,2,2,2,12,3,3,0,0,2,0,0,9,1,3
2019136AT0867,1,3,2,2,17,4,3,0,0,2,0,0,9,1,3
2019136AT1088,1,1,2,1,16,4,2,0,0,0,4,0,11,1,5
2019136AT1088,1,2,2,2,28,6,3,0,0,0,4,0,11,1,1
2019136AT1088,1,3,2,2,20,4,2,0,0,0,4,0,11,1,1
2019136AT1088,1,4,2,1,55,8,3,0,0,0,4,0,11,1,6
2019136AT1088,1,5,2,2,25,5,2,0,0,0,4,0,11,1,1
2019136AT1088,1,6,2,1,82,11,3,0,0,0,4,0,11,1,1
2019136AT1088,1,7,2,2,60,9,3,0,0,0,4,0,11,1,5
2019136AT1088,1,8,2,2,8,2,3,0,0,0,4,0,11,1,7
2019136AT1088,1,9,2,2,9,2,3,0,0,0,4,0,11,1,7
2019136AT1088,1,10,2,1,10,2,3,0,0,0,4,0,11,1,1
2019136AT1088,1,11,2,2,7,2,3,0,0,0,4,0,11,1,3
2019136AT1088,1,12,2,1,18,4,3,0,0,0,4,0,11,1,1
2019136AT1088,1,13,2,2,18,4,3,0,0,0,4,0,11,1,1
2019136AT1088,1,14,2,2,36,7,3,0,0,0,4,0,11,1,1
2019136AT1088,1,15,2,1,4,1,3,0,0,0,4,0,11,1,1
2019136AT1088,1,16,1,1,64,9,3,0,0,0,0,0,11,1,1
2019136AT1192,1,1,3,2,90,11,2,5,1,0,0,0,0,1,5
2019136AU0773,2,1,1,1,27,6,3,0,0,0,0,0,9,1,7
2019136AU0937,1,1,1,1,21,5,3,0,0,0,0,0,1,1,1
2019136AV0180,2,1,1,1,38,7,3,0,0,0,0,0,1,1,1
2019136AV0253,1,1,1,1,24,5,3,0,0,0,0,0,9,1,8
2019136AV1212,1,1,3,2,15,3,3,5,1,0,0,0,0,1,6
2019136AV2520,1,1,1,1,25,5,3,0,0,0,0,0,9,1,3
2019136AV2520,1,2,2,1,24,5,3,0,0,1,0,0,9,1,2
2019136B10843,1,1,1,1,26,6,3,0,0,0,0,0,9,1,4
2019136B10843,1,2,2,1,17,4,3,0,0,1,0,0,9,1,1
2019136B10843,2,3,1,1,28,6,3,0,0,0,0,0,9,1,2
2019136B11441,1,1,3,2,18,4,3,6,9,0,0,0,0,1,1
2019136B11924,1,1,1,2,29,6,3,0,0,0,0,0,9,1,7
2019136B11924,1,2,2,2,30,6,3,0,0,1,0,0,9,1,7
2019136B11924,1,3,2,2,14,3,3,0,0,2,0,0,9,1,7
2019136B11924,1,4,2,2,25,5,3,0,0,2,0,0,9,1,7
2019136B11924,1,5,2,1,12,3,3,0,0,2,0,0,9,1,7
2019136B20732,2,1,1,1,11,3,3,0,0,0,0,0,1,3,6
2019136B21411,2,1,1,1,54,8,3,0,0,0,0,0,3,1,6
2019136B31450,1,1,3,1,39,7,3,5,9,0,0,0,0,1,1
2019136B31582,2,1,1,1,59,9,3,0,0,0,0,0,9,1,1
2019136B40620,1,1,1,1,27,6,3,0,0,0,0,0,9,1,1
2019136B40848,2,1,1,2,22,5,3,0,0,0,0,0,9,1,1
2019136B41190,1,1,1,1,39,7,3,0,0,0,0,0,9,1,1
2019136B41592,2,1,1,2,60,9,3,0,0,0,0,0,9,3,10
2019136B50393,1,1,3,1,41,7,3,5,2,0,0,0,0,1,4
2019136B50768,2,1,1,1,51,8,3,0,0,0,0,0,1,1,6
2019136B51239,1,1,1,1,61,9,3,0,0,0,0,0,9,1,1
2019136B51239,2,2,1,1,55,8,3,0,0,0,0,0,9,1,2
2019136B51384,1,1,3,1,33,6,3,1,1,0,0,0,0,-1,-1
2019136B51629,2,1,1,1,41,7,3,0,0,0,0,0,1,-1,-1
2019136B60494,1,1,1,1,41,7,3,0,0,0,0,0,9,1,1
2019136B61333,1,1,1,2,25,5,3,0,0,0,0,0,3,1,1
2019136B61414,1,1,3,1,16,4,3,1,1,0,0,0,0,2,7
2019136B61527,1,1,3,2,53,8,3,5,1,0,0,0,0,1,4
2019136B62059,1,1,1,1,20,4,3,0,0,0,0,0,9,1,3
2019136B70326,1,1,3,2,31,6,2,5,1,0,0,0,0,1,2
2019136B71037,1,1,3,2,11,3,3,5,1,0,0,0,0,1,1
2019136B71070,1,1,1,2,20,4,3,0,0,0,0,0,9,1,5
2019136B71070,1,2,2,1,26,6,3,0,0,1,0,0,9,-1,-1
2019136B71283,2,1,2,2,2,1,3,0,0,2,0,0,9,1,4
2019136B71283,2,2,2,2,12,3,3,0,0,2,0,0,9,1,4
2019136B72079,1,1,1,1,25,5,3,0,0,0,0,0,9,1,3
2019136B72092,1,1,3,2,41,7,2,1,3,0,0,0,0,1,1
2019136B80189,1,1,1,1,57,9,3,0,0,0,0,0,1,1,7
2019136B81590,1,1,1,1,23,5,3,0,0,0,0,0,9,1,3
2019136B81590,1,2,2,1,24,5,3,0,0,1,0,0,9,1,1
2019136B90762,1,1,3,1,23,5,3,4,1,0,0,0,0,1,2
2019136B91985,1,1,1,1,19,4,3,0,0,0,0,0,9,1,1
2019136B91985,1,2,2,1,18,4,3,0,0,1,0,0,9,-1,-1
2019136B91985,1,3,2,1,18,4,3,0,0,2,0,0,9,-1,-1
2019136B91985,1,4,2,1,18,4,3,0,0,2,0,0,9,1,4
2019136BB0203,1,1,1,1,36,7,3,0,0,0,0,0,1,1,2
2019136BB1015,4,1,1,1,35,6,3,0,0,0,0,0,9,1,1
2019136BB1015,4,2,2,2,42,7,3,0,0,1,0,0,9,1,1
2019136BB1227,1,1,1,1,46,8,3,0,0,0,0,0,9,1,3
2019136BC0287,2,1,1,2,47,8,3,0,0,0,0,0,9,1,6
2019136BD0463,1,1,1,2,70,10,3,0,0,0,0,0,9,-1,-1
2019136BD0741,1,1,1,1,71,10,3,0,0,0,0,0,9,3,8
2019136BD0741,1,2,2,1,65,9,3,0,0,1,0,0,9,1,6
2019136BE0020,1,1,1,1,28,6,3,0,0,0,0,0,9,1,2
2019136BE0020,2,2,1,1,29,6,3,0,0,0,0,0,9,-1,-1
2019136BE0589,1,1,3,1,13,3,3,5,1,0,0,0,0,1,2
2019136BE1149,1,1,1,2,25,5,3,0,0,0,0,0,9,1,4
2019136BE1406,1,1,3,2,62,9,1,5,3,0,0,0,0,2,4
2019136BE1439,1,1,3,2,9,2,3,9,5,0,0,0,0,1,3
2019136BE1718,2,1,1,1,19,4,3,0,0,0,0,0,1,1,5
2019136BE1755,1,1,1,1,15,3,3,0,0,0,0,0,1,1,2
2019136BF0791,1,1,3,2,16,4,3,5,1,0,0,0,0,1,1
2019136BG0959,1,1,3,1,17,4,3,8,1,0,0,0,0,1,1
2019136BG1306,2,1,1,1,30,6,2,0,0,0,0,0,4,1,1
2019136BG1306,2,2,2,1,18,4,2,0,0,0,0,0,4,1,1
2019136BH1510,1,1,1,2,38,7,3,0,0,0,0,0,9,1,10
2019136BI1902,2,1,1,1,49,8,2,0,0,0,0,0,1,1,1
2019136BJ1082,2,1,1,2,48,8,3,0,0,0,0,0,9,1,1
2019136BJ1213,2,1,1,2,46,8,3,0,0,0,0,0,9,-1,-1
2019136BJ1519,1,1,1,2,68,10,3,0,0,0,0,0,9,1,1
2019136BJ1669,1,1,3,2,52,8,3,9,5,0,0,0,0,1,3
2019136BJ1819,1,1,1,1,24,5,3,0,0,0,0,0,9,1,1
2019136BJ1819,2,2,1,1,32,6,3,0,0,0,0,0,9,1,1
2019136BK1405,1,1,1,1,48,8,3,0,0,0,0,0,9,1,4
2019136BK1405,3,2,1,1,63,9,3,0,0,0,0,0,9,3,7
2019136BL0145,1,1,1,1,27,6,3,0,0,0,0,0,9,-1,-1
2019136BL0227,1,1,3,1,56,9,2,9,5,0,0,0,0,1,2
2019136BL0482,1,1,3,2,15,3,3,5,1,0,0,0,0,1,5
2019136BL1737,2,1,1,2,23,5,3,0,0,0,0,0,9,1,1
2019136BL1737,2,2,2,2,24,5,3,0,0,1,0,0,9,1,1
2019136BM0249,2,1,1,2,36,7,3,0,0,0,0,0,1,1,5
2019136BM0266,1,1,2,1,20,4,3,0,0,1,0,0,8,1,1
2019136BM0266,1,2,2,1,22,5,3,0,0,2,0,0,8,1,1
2019136BM0266,2,3,1,1,31,6,3,0,0,0,0,0,9,1,5
2019136BM0513,2,1,1,2,21,5,3,0,0,0,0,0,9,1,8
2019136BM0513,2,2,2,1,2,1,3,0,0,2,0,0,9,1,8
2019136BN1318,1,1,2,2,61,9,3,0,0,1,0,0,9,1,5
2019136BN1318,1,2,2,2,42,7,3,0,0,2,0,0,9,1,5
2019136BN1431,2,1,2,2,9,2,3,0,0,2,0,0,9,1,2
2019136BN2039,1,1,3,1,53,8,3,8,1,0,0,0,0,1,3
2019136BO0281,1,1,1,1,23,5,2,0,0,0,0,0,9,1,1
2019136BO0281,1,2,2,1,22,5,3,0,0,1,0,0,9,1,5
2019136BO0281,1,3,2,1,20,4,2,0,0,2,0,0,9,1,5
2019136BP0962,1,1,1,1,42,7,2,0,0,0,0,0,9,1,2
2019136BP1357,1,1,3,1,83,11,2,10,9,0,0,0,0,1,5
2019136BQ0334,2,1,1,1,37,7,3,0,0,0,0,0,1,1,9
2019136BQ0398,1,1,3,2,44,7,3,5,9,0,0,0,0,1,3
2019136BQ0584,1,1,1,2,19,4,3,0,0,0,0,0,9,1,1
2019136BQ1295,1,1,2,2,28,6,3,0,0,0,4,0,11,1,4
2019136BQ1295,2,2,2,2,50,8,3,0,0,2,0,0,8,1,1
2019136BQ1585,1,1,3,1,54,8,3,5,1,0,0,0,0,1,1
2019136BR0277,1,1,3,2,13,3,3,1,9,0,0,0,0,1,3
2019136BR0978,1,1,3,2,16,4,2,1,3,0,0,0,0,1,2
2019136BR1068,2,1,1,1,48,8,3,0,0,0,0,0,1,1,1
2019136BS1185,2,1,1,2,53,8,3,0,0,0,0,0,9,1,1
2019136BS1473,2,1,1,1,58,9,3,0,0,0,0,0,9,-1,10
2019136BT0289,1,1,1,2,24,5,3,0,0,0,0,0,9,3,2
2019136BT0303,2,1,1,1,72,10,2,0,0,0,0,0,1,1,9
2019136BT0414,1,1,1,2,33,6,3,0,0,0,0,0,9,1,6
2019136BT1345,1,1,1,1,58,9,3,0,0,0,0,0,9,1,1
2019136BT1448,1,1,1,2,41,7,3,0,0,0,0,0,9,1,1
2019136BU1141,1,1,3,1,14,3,3,1,1,0,0,0,0,1,1
2019136BU1724,2,1,2,2,54,8,3,0,0,1,0,0,9,1,1
2019136C10256,1,1,1,1,27,6,3,0,0,0,0,0,9,1,8
2019136C10256,1,2,2,2,22,5,3,0,0,1,0,0,9,1,2
2019136C10665,1,1,1,1,31,6,2,0,0,0,0,0,17,3,7
2019136C20619,1,1,3,2,44,7,3,6,9,0,0,0,0,1,6
2019136C21434,1,1,1,2,67,10,3,0,0,0,0,0,9,1,3
2019136C21726,2,1,1,2,29,6,3,0,0,0,0,0,9,-1,-1
2019136C30854,1,1,3,2,68,10,2,1,3,0,0,0,0,1,4
2019136C40905,2,1,1,1,46,8,3,0,0,0,0,0,9,1,3
2019136C41582,1,1,1,1,34,6,3,0,0,0,0,0,9,1,1
2019136C41582,2,2,1,1,52,8,3,0,0,0,0,0,9,2,9
2019136C51259,1,1,2,2,20,4,3,0,0,1,0,0,9,1,3
2019136C51259,2,2,1,1,23,5,3,0,0,0,0,0,9,1,2
2019136C51713,1,1,2,2,15,3,3,0,0,2,0,0,9,1,3
2019136C61837,1,1,1,1,22,5,3,0,0,0,0,0,9,1,1
2019136C61837,1,2,2,1,20,4,3,0,0,1,0,0,9,1,1
2019136C61837,2,3,1,2,63,9,3,0,0,0,0,0,9,1,3
2019136C61837,2,4,2,2,24,5,3,0,0,1,0,0,9,1,3
2019136C70047,1,1,3,1,47,8,2,1,1,0,0,0,0,-1,-1
2019136C72096,1,4,1,1,19,4,2,0,0,0,0,0,9,1,1
2019136C72096,3,1,1,1,22,5,2,0,0,0,0,0,9,1,4
2019136C72096,3,2,2,1,21,5,2,0,0,1,0,0,9,1,8
2019136C72096,3,3,2,1,22,5,2,0,0,2,0,0,9,1,3
2019136C81104,1,1,3,2,51,8,3,5,1,0,0,0,0,1,8
2019136C81212,2,1,1,2,47,8,3,0,0,0,0,0,9,1,1
2019136C81398,1,1,3,1,11,3,3,5,1,0,0,0,0,1,1
2019136C81724,1,1,2,1,18,4,3,0,0,1,0,0,9,1,3
2019136C81724,1,2,2,1,18,4,3,0,0,2,0,0,9,1,5
2019136C90765,2,1,1,1,56,9,3,0,0,0,0,0,9,1,1
2019136C90989,1,1,3,1,11,3,2,5,2,0,0,0,0,1,6
2019136C91011,1,1,3,1,4,1,3,1,3,0,0,0,0,1,2
2019136C91039,2,1,1,2,39,7,3,0,0,0,0,0,9,1,8
2019136CA1185,1,1,3,2,18,4,3,5,1,0,0,0,0,1,2
2019136CA1216,1,1,1,2,35,6,3,0,0,0,0,0,9,1,1
2019136CA1216,1,2,2,2,15,3,3,0,0,2,0,0,9,1,1
2019136CA1216,1,3,2,2,7,2,3,0,0,2,0,0,9,1,1
2019136CA1384,1,1,1,2,61,9,3,0,0,0,0,0,9,1,3
2019136CA1438,1,1,3,1,89,11,2,4,4,0,0,0,0,1,1
2019136CB0210,1,1,3,2,66,10,3,5,1,0,0,0,0,1,1
2019136CB0242,1,1,3,2,54,8,3,1,1,0,0,0,0,1,4
2019136CB0586,1,1,1,1,21,5,3,0,0,0,0,0,9,-1,-1
2019136CB0586,1,2,2,1,28,6,3,0,0,1,0,0,9,-1,-1
2019136CB0741,2,1,1,1,19,4,3,0,0,0,0,0,1,1,3
2019136CB1131,1,1,2,1,20,4,2,0,0,2,0,0,9,1,9
2019136CC0200,1,1,1,2,46,8,2,0,0,0,0,0,9,3,9
2019136CC0789,2,1,1,1,62,9,3,0,0,0,0,0,9,1,5
2019136CC0789,2,2,2,2,67,10,3,0,0,1,0,0,9,1,5
2019136CC1106,1,1,3,2,17,4,1,8,1,0,0,0,0,1,2
2019136CC1403,1,1,3,1,62,9,2,8,5,0,0,0,0,1,2
2019136CC1477,1,1,3,1,9,2,2,5,1,0,0,0,0,1,1
2019136CD0879,1,1,3,2,83,11,2,5,1,0,0,0,0,1,8
2019136CD1164,1,1,3,2,51,8,3,5,1,0,0,0,0,-1,-1
2019136CD1446,1,1,3,1,16,4,3,5,3,0,0,0,0,1,1
2019136CD1455,1,1,3,1,45,7,2,7,3,0,0,0,0,1,5
2019136CE0735,1,1,1,1,35,6,3,0,0,0,0,0,3,1,7
2019136CE1033,1,1,3,1,15,3,3,5,4,0,0,0,0,1,2
2019136CE1051,1,1,3,2,49,8,3,6,9,0,0,0,0,1,1
2019136CE1519,2,1,1,2,27,6,3,0,0,0,0,0,9,3,8
2019136CE1970,1,1,3,1,17,4,2,5,4,0,0,0,0,1,4
2019136CF0440,2,1,1,1,56,9,2,0,0,0,0,0,1,-1,-1
2019136CF0743,2,1,1,1,57,9,3,0,0,0,0,0,9,3,7
2019136CF0743,2,2,2,2,54,8,3,0,0,1,0,0,9,3,9
2019136CF1352,1,1,3,1,18,4,2,10,7,0,0,0,0,1,3
2019136CF1352,1,2,3,1,15,3,3,10,7,0,0,0,0,1,2
2019136CF1352,1,3,3,1,16,4,3,10,7,0,0,0,0,1,2
2019136CF1352,1,4,3,1,16,4,3,10,7,0,0,0,0,1,5
2019136CG1300,1,1,3,2,61,9,2,5,2,0,0,0,0,1,3
2019136CG1310,2,1,1,1,47,8,3,0,0,0,0,0,9,1,9
2019136CG1345,1,1,1,2,72,10,3,0,0,0,0,0,9,-1,-1
2019136CH0285,1,1,1,2,33,6,3,0,0,0,0,0,9,1,2
2019136CH0285,2,2,1,1,68,10,3,0,0,0,0,0,9,1,4
2019136CH1164,1,1,1,1,27,6,3,0,0,0,0,0,9,1,1
2019136CH1164,2,2,1,1,20,4,3,0,0,0,0,0,9,1,4
2019136CH1478,2,1,1,1,18,4,3,0,0,0,0,0,3,1,2
2019136CI1516,1,1,3,2,22,5,3,5,1,0,0,0,0,1,1
2019136CI1548,1,1,3,1,43,7,2,1,1,0,0,0,0,1,1
2019136CJ0524,1,1,3,2,81,11,3,5,9,0,0,0,0,1,3
2019136CJ1279,2,1,1,1,25,5,3,0,0,0,0,0,1,1,1
2019136CJ1358,1,1,3,1,15,3,3,1,1,0,0,0,0,1,1
2019136CK1664,1,1,1,1,21,5,3,0,0,0,0,0,9,1,7
2019136CK1664,2,2,1,2,21,5,3,0,0,0,0,0,9,1,1
2019136CK1753,1,1,3,2,54,8,3,1,3,0,0,0,0,1,6
2019136CL1370,1,1,3,2,75,10,3,8,1,0,0,0,0,1,8
2019136CL1403,1,1,1,1,46,8,2,0,0,0,0,0,4,1,1
2019136CL1420,1,1,3,2,13,3,3,5,1,0,0,0,0,2,6
2019136CP0321,1,1,1,1,32,6,3,0,0,0,0,0,9,1,2
2019136CP0321,2,2,1,1,53,8,3,0,0,0,0,0,8,1,3
2019136CR0143,1,1,3,2,60,9,2,5,1,0,0,0,0,1,1
2019136CR0884,1,1,1,2,48,8,3,0,0,0,0,0,9,1,4
2019136CR0884,1,2,2,1,48,8,3,0,0,1,0,0,9,1,4
2019136CR0897,2,1,1,1,26,6,3,0,0,0,0,0,9,1,3
2019136CR0897,2,2,2,2,27,6,3,0,0,1,0,0,9,1,1
2019136CR1415,1,1,3,2,45,7,3,5,1,0,0,0,0,1,2
2019136CR2099,1,1,3,1,15,3,2,5,3,0,0,0,0,1,1
2019136CT1224,1,1,2,1,30,6,3,0,0,1,0,0,9,1,3
2019136CT1457,1,1,1,1,34,6,3,0,0,0,0,0,9,1,2
2019136CU0568,1,1,3,2,8,2,3,5,1,0,0,0,0,1,10
2019136CU0969,2,1,1,2,23,5,3,0,0,0,0,0,9,1,3
2019137141255,1,1,3,1,44,7,3,5,1,0,0,0,0,1,1
