Accident_Index,Vehicle_Reference,Vehicle_Type,Towing_and_Articulation,Vehicle_Manoeuvre,Vehicle_Location-Restricted_Lane,Junction_Location,Skidding_and_Overturning,Hit_Object_in_Carriageway,Vehicle_Leaving_Carriageway,Hit_Object_off_Carriageway,1st_Point_of_Impact,Was_Vehicle_Left_Hand_Drive?,Journey_Purpose_of_Driver,Sex_of_Driver,Age_of_Driver,Age_Band_of_Driver,Engine_Capacity_(CC),Propulsion_Code,Age_of_Vehicle,Driver_IMD_Decile,Driver_Home_Area_Type,Vehicle_IMD_Decile
2019136111019,1,9,0,9,0,8,0,0,0,0,1,1,2,2,39,7,-1,-1,-1,2,1,2
2019136111019,2,9,0,18,0,8,0,7,0,0,1,1,2,1,56,9,-1,-1,-1,1,1,1
2019136111467,1,9,0,18,0,0,0,0,0,0,1,1,6,1,54,8,1986,2,12,2,1,2
2019136111467,2,9,0,18,0,0,0,0,0,0,2,1,6,1,50,8,1339,1,16,1,1,1
2019136111467,3,9,0,18,0,0,0,0,0,0,2,1,6,1,28,6,1329,1,8,3,1,3
2019136121066,1,9,0,18,0,1,0,0,0,0,1,1,6,1,46,8,1968,2,1,8,2,8
2019136121066,2,19,0,18,0,1,0,0,0,1,2,1,1,1,20,4,1248,2,9,1,1,1
2019136131015,1,9,0,18,0,1,0,0,0,0,1,1,6,2,52,8,1997,2,10,10,1,10
2019136131015,2,9,0,9,0,6,0,0,0,0,3,1,6,2,27,6,2993,2,8,8,1,8
2019136131184,1,9,0,18,0,0,0,0,0,0,1,1,2,2,33,6,999,1,2,3,1,3
2019136141369,1,9,0,18,0,0,0,0,0,0,4,1,6,2,28,6,1490,1,11,1,1,1
2019136141408,1,9,0,4,0,0,0,0,0,0,1,1,6,1,45,7,-1,-1,-1,5,1,5
2019136141408,2,9,0,4,0,0,0,0,0,0,2,1,6,1,58,9,999,1,2,6,1,6
2019136141408,3,21,1,4,0,0,0,0,0,0,2,1,1,1,22,5,-1,-1,-1,3,1,3
2019136161108,1,9,0,4,0,1,0,0,0,0,1,1,6,1,40,7,1296,1,11,1,1,1
2019136161108,2,9,0,18,0,1,0,0,7,10,4,1,6,1,58,9,1198,1,10,2,1,2
2019136171266,1,9,0,18,0,0,0,0,0,0,1,1,2,2,18,4,1390,1,5,9,1,9
2019136171275,1,9,0,9,0,7,0,0,0,0,1,1,6,1,68,10,1968,2,2,1,1,1
2019136171275,2,2,0,18,0,8,0,0,0,0,4,1,6,1,18,4,49,1,8,2,1,2
2019136180892,1,19,0,9,0,6,0,0,0,0,1,1,1,1,25,5,2402,2,11,6,2,6
2019136180985,1,19,0,18,0,0,0,0,0,0,1,1,6,1,55,8,2143,2,7,-1,-1,-1
2019136190232,1,9,0,18,0,6,0,0,0,0,1,1,6,1,39,7,2993,2,11,1,1,1
20191361A0253,1,2,0,18,0,0,0,0,0,0,4,1,2,1,18,4,102,1,14,5,1,5
20191361A1165,1,9,0,18,0,1,1,0,0,0,1,1,6,2,18,4,1968,2,9,3,1,3
20191361A1165,2,9,0,3,0,1,0,0,0,0,3,1,6,1,26,6,2143,2,10,1,1,1
20191361A1165,3,9,0,2,0,1,0,0,0,0,2,1,6,1,-1,-1,4163,1,12,-1,-1,-1
20191361A1322,1,9,0,18,0,0,0,0,0,0,4,1,6,2,-1,-1,-1,-1,-1,-1,-1,-1
20191361A1322,2,1,0,2,0,0,0,0,0,0,3,1,6,1,38,7,-1,-1,-1,-1,-1,-1
20191361A1552,1,9,0,18,0,0,0,0,0,0,1,1,6,1,83,11,1598,1,13,8,2,8
20191361A1552,2,9,0,2,0,0,0,0,0,0,2,1,6,2,57,9,999,1,4,6,1,6
20191361B0976,1,9,0,7,0,8,0,0,0,0,3,1,6,1,25,5,-1,-1,-1,3,1,3
20191361B0976,2,9,0,18,0,8,0,0,0,0,1,1,6,1,42,7,2776,2,16,-1,-1,-1
20191361B1771,1,9,0,18,0,4,0,0,0,0,1,1,6,2,34,6,1198,1,4,1,1,1
20191361B1771,2,9,0,9,0,8,0,0,0,0,1,1,1,1,25,5,1896,2,9,1,1,1
20191361C1579,1,9,0,4,0,0,0,0,0,0,1,1,6,1,-1,-1,-1,-1,-1,-1,-1,-1
20191361D0147,1,9,0,18,0,8,0,0,0,0,1,1,6,2,-1,-1,1686,2,8,-1,-1,-1
20191361D0147,2,9,0,18,0,8,0,0,0,0,3,1,1,1,34,6,1968,2,1,1,1,1
20191361D1101,1,9,0,18,0,0,0,0,0,0,2,1,6,2,20,4,998,1,1,4,1,4
20191361D1101,2,9,0,18,0,0,0,0,0,0,1,1,6,1,-1,-1,1086,1,11,-1,-1,-1
20191361D1104,1,9,0,18,0,0,0,0,0,0,1,1,6,1,-1,-1,1398,1,8,4,1,4
20191361D1104,2,9,0,4,0,0,0,0,0,0,2,1,6,1,42,7,2401,2,15,1,1,1
20191361E1186,1,9,0,9,0,8,0,0,0,0,4,1,6,1,54,8,-1,-1,-1,1,1,1
20191361E1186,2,9,0,18,0,8,0,0,0,0,1,1,6,3,-1,-1,-1,-1,-1,-1,-1,-1
20191361E1616,1,9,0,3,0,1,0,0,0,0,2,1,6,1,37,7,1398,1,16,1,1,1
20191361E1616,2,9,0,3,0,1,0,0,0,0,2,1,6,1,53,8,1997,1,7,3,1,3
20191361E1616,3,9,0,18,0,1,0,0,0,0,1,1,2,1,26,6,5204,1,1,1,1,1
20191361F0282,1,9,0,18,0,8,0,0,0,0,1,1,6,2,38,7,1368,1,2,7,1,7
20191361F0282,2,9,0,18,0,6,0,0,0,0,1,1,6,1,29,6,2497,2,18,6,1,6
20191361F0282,3,9,0,2,0,2,0,0,0,0,2,1,6,3,-1,-1,1364,1,14,-1,-1,-1
20191361F0304,1,9,0,7,0,6,0,0,0,0,1,1,6,2,25,5,998,1,1,-1,-1,-1
20191361F0304,2,9,0,13,0,1,0,0,0,0,1,1,6,1,35,6,-1,-1,-1,8,1,8
20191361F1075,1,9,0,17,0,0,0,0,0,0,1,1,6,1,50,8,4172,1,14,1,1,1
20191361F1075,2,9,0,16,0,0,0,0,0,0,1,1,6,1,66,10,1968,2,5,9,2,9
20191361F1162,1,9,0,9,0,2,0,0,0,0,1,1,6,1,22,5,1242,1,4,6,1,6
20191361F1162,2,9,0,18,0,1,0,0,0,0,4,1,6,1,50,8,1956,2,4,2,1,2
20191361F1186,1,9,0,18,0,4,0,0,0,0,1,1,6,2,-1,-1,1198,1,9,-1,-1,-1
20191361F1186,2,9,0,18,0,4,0,0,0,0,2,1,1,2,28,6,1968,2,7,3,1,3
20191361F1200,1,9,0,18,0,0,0,0,0,0,1,1,2,2,24,5,1296,1,11,5,1,5
20191361F1395,1,9,0,18,0,8,0,0,0,11,3,1,6,2,37,7,1997,2,10,1,1,1
20191361F1395,2,8,0,18,0,8,0,0,0,0,1,1,6,1,40,7,-1,-1,-1,1,1,1
20191361G1247,1,9,0,4,0,1,0,0,0,0,1,1,6,2,41,7,1198,1,3,1,1,1
20191361G1247,2,9,0,4,0,1,0,0,0,0,2,1,6,2,45,7,1498,1,1,3,1,3
20191361G1702,1,9,0,18,0,4,0,0,0,0,3,1,6,1,45,7,1968,2,10,3,1,3
20191361G1702,2,9,0,18,0,8,0,0,0,0,1,1,6,2,38,7,1995,2,7,1,1,1
20191361H0253,1,9,0,9,0,8,0,0,0,0,1,1,3,2,23,5,1896,2,13,3,1,3
20191361H0349,1,9,0,9,0,6,0,0,0,0,1,1,6,2,42,7,1997,1,12,2,1,2
20191361H1209,1,9,0,5,0,8,0,0,0,0,1,1,2,1,24,5,1461,2,4,5,1,5
20191361I1326,1,9,0,18,0,1,0,0,0,0,4,1,2,1,18,4,998,1,4,3,1,3
20191361I1326,2,9,0,9,0,8,0,0,0,0,1,1,6,1,43,7,1995,2,2,6,1,6
20191361J0797,1,9,0,4,0,8,0,0,0,0,1,1,6,1,35,6,2967,2,11,3,1,3
20191361J0797,2,9,0,4,0,8,0,0,0,0,2,1,6,1,41,7,1910,2,11,1,1,1
20191361J0959,1,9,0,12,0,0,0,0,0,0,3,1,6,1,-1,-1,998,1,6,1,1,1
20191361J0959,2,9,0,18,0,0,0,0,0,0,4,1,6,1,35,6,998,1,2,2,1,2
20191361K0153,1,8,0,4,0,0,0,0,0,0,1,1,1,1,41,7,1797,8,8,4,1,4
20191361K0844,1,9,0,18,0,0,0,0,0,0,1,1,6,1,17,4,1248,2,9,5,1,5
20191361K0844,2,3,0,18,0,0,0,0,0,0,2,1,6,1,70,10,981,1,35,10,1,10
20191361K0931,1,9,0,18,0,4,0,0,0,0,1,1,6,1,54,8,1968,2,8,-1,-1,-1
20191361K0931,2,9,0,18,0,4,0,0,0,0,1,1,6,1,44,7,998,1,15,-1,-1,-1
20191361K1099,1,9,0,18,0,0,0,0,0,0,1,1,6,1,45,7,1896,2,12,3,1,3
20191361L1140,1,9,0,18,0,0,0,0,0,0,1,1,6,2,32,6,-1,-1,-1,4,1,4
20191361M0349,1,9,0,18,0,0,0,0,0,0,1,1,6,1,87,11,1596,1,6,6,1,6
20191361M0349,2,9,0,18,0,0,0,0,0,0,1,1,1,2,40,7,1560,2,3,1,1,1
20191361M1294,1,19,0,18,0,0,0,0,0,0,1,1,6,1,55,8,2298,2,4,6,3,6
20191361N0165,1,9,0,17,0,0,0,0,0,0,1,1,2,1,20,4,1398,1,5,2,1,2
20191361N0165,2,9,0,2,0,0,0,0,0,0,2,1,6,3,-1,-1,1598,2,3,5,1,5
20191361N0165,3,9,0,2,0,0,0,0,0,0,1,1,6,3,-1,-1,1390,1,15,5,1,5
20191361N0165,4,9,0,2,0,0,0,0,0,0,1,1,6,3,-1,-1,1968,2,13,5,1,5
20191361O0668,1,9,0,18,0,0,0,0,0,0,1,1,6,1,-1,-1,1332,1,21,8,1,8
20191361O0668,2,9,0,4,0,0,0,0,0,0,2,1,6,2,45,7,1598,2,5,10,2,10
20191361O1427,1,9,0,18,0,0,0,0,0,0,4,1,6,1,59,9,1995,2,11,7,1,7
20191361P1623,1,9,0,7,0,6,0,0,0,0,1,1,6,2,25,5,1328,1,10,8,1,8
20191361P1623,2,5,0,18,0,1,0,0,0,0,4,1,6,1,58,9,1137,1,18,1,1,1
20191361Q0285,1,9,0,17,0,8,0,0,0,2,1,1,6,1,36,7,1497,8,4,4,1,4
20191361Q1093,1,3,0,18,0,0,1,0,0,0,0,1,6,1,19,4,125,1,2,1,1,1
20191361Q1770,1,9,0,18,0,0,0,0,0,0,1,1,6,3,-1,-1,-1,-1,-1,-1,-1,-1
20191361R1085,1,9,0,18,0,0,0,0,0,0,1,1,6,1,-1,-1,1896,2,16,-1,-1,-1
20191361R1085,2,9,0,3,0,0,0,0,0,0,2,1,6,2,36,7,1968,2,13,1,1,1
20191361R1242,1,9,0,18,0,0,0,0,0,0,4,1,6,1,33,6,2204,2,12,1,1,1
20191361R1391,1,9,0,18,0,0,0,0,0,0,1,1,6,1,62,9,1398,1,1,10,2,10
20191361R1391,2,9,0,18,0,0,0,0,0,0,1,1,6,1,21,5,1242,1,6,4,2,4
20191361R1401,1,9,0,9,0,8,0,0,0,0,1,1,6,1,42,7,1586,1,9,4,1,4
20191361S1383,1,9,0,18,0,0,0,0,0,0,1,1,6,1,50,8,1995,2,12,8,1,8
20191361S1383,2,9,0,3,0,0,0,0,0,0,2,1,6,2,22,5,999,1,1,3,1,3
20191361S1383,3,9,0,3,0,0,0,0,0,0,2,1,2,1,25,5,998,1,3,5,2,5
20191361T1124,1,9,0,18,0,8,0,0,0,0,1,1,6,1,40,7,1598,1,13,1,1,1
20191361T1124,2,9,0,18,0,8,0,0,0,0,1,1,6,2,38,7,1997,2,11,4,1,4
20191361U0936,1,8,0,18,0,0,0,0,0,0,1,1,1,1,41,7,1797,8,8,4,1,4
20191361V0233,1,4,0,18,0,0,0,0,0,0,0,1,6,1,24,5,471,1,2,7,1,7
20191361V1101,1,3,0,13,0,1,0,0,0,0,1,1,6,1,19,4,125,1,7,1,1,1
20191361V1101,2,9,0,5,0,1,0,0,0,0,3,1,6,1,33,6,1968,2,7,6,1,6
20191361V1420,1,9,0,18,0,0,0,10,1,1,1,1,6,1,33,6,1396,1,9,1,1,1
2019136210374,1,19,0,18,0,0,0,0,0,11,3,1,6,1,56,9,2148,2,12,4,1,4
2019136211389,1,19,0,2,0,0,0,0,0,0,2,1,6,3,-1,-1,1598,2,6,-1,-1,-1
2019136211389,2,9,0,18,0,0,0,0,0,0,1,1,6,1,59,9,1596,1,16,8,1,8
2019136220607,1,9,0,18,0,0,0,4,0,0,1,1,6,2,60,9,1598,1,14,2,1,2
2019136220607,2,9,0,2,0,0,0,0,0,0,4,1,6,2,52,8,1339,1,13,-1,-1,-1
2019136220607,3,9,0,2,0,0,0,0,0,0,4,1,6,2,50,8,1339,1,17,-1,-1,-1
2019136230845,1,9,0,13,0,0,5,0,1,11,4,1,6,1,32,6,2143,2,6,5,1,5
2019136230845,2,9,0,18,0,0,0,0,0,0,3,1,6,1,23,5,998,1,4,3,1,3
2019136230845,3,9,0,18,0,0,0,0,0,0,1,1,6,1,39,7,1598,1,1,7,1,7
2019136231041,1,9,0,18,0,0,0,0,0,0,1,1,6,1,-1,-1,-1,-1,-1,-1,-1,-1
2019136241610,1,9,0,18,0,2,0,0,0,0,0,1,6,3,-1,-1,-1,-1,-1,-1,-1,-1
2019136241610,2,9,0,4,0,1,0,0,0,0,1,1,1,1,50,8,2993,2,2,6,1,6
2019136241610,3,9,0,18,0,1,0,0,0,0,3,1,6,1,27,6,1896,2,10,1,1,1
2019136251200,1,9,0,18,0,0,0,0,2,11,1,1,6,2,24,5,999,1,1,1,1,1
2019136260259,1,19,0,18,0,0,0,0,1,1,1,1,6,1,37,7,1560,2,9,7,1,7
2019136260939,1,20,0,5,0,6,0,0,0,0,1,1,1,1,55,8,6693,2,6,6,1,6
2019136260939,2,19,0,18,0,2,0,0,1,0,3,1,1,2,21,5,1499,2,1,7,2,7
2019136261374,1,5,0,18,0,0,5,0,0,0,1,1,6,1,34,6,689,1,1,6,-1,6
2019136261720,1,9,0,17,0,0,2,0,1,0,4,1,6,2,17,4,1598,1,14,6,1,6
2019136270933,1,9,0,5,0,5,0,0,0,0,3,1,6,2,35,6,2993,2,1,-1,-1,-1
2019136270933,2,9,0,18,0,8,0,0,0,0,1,1,6,2,35,6,-1,-1,-1,-1,-1,-1
2019136271098,1,9,0,14,0,0,0,0,0,0,1,1,3,2,33,6,1498,1,10,3,1,3
2019136290576,1,9,0,6,0,0,0,0,0,0,1,1,6,3,-1,-1,1598,1,15,-1,-1,-1
2019136290576,2,9,0,18,0,0,0,0,0,0,4,1,6,2,40,7,1329,1,6,2,1,2
2019136291070,1,9,0,1,0,0,0,0,0,0,2,1,6,1,54,8,-1,-1,-1,7,1,7
2019136291529,1,9,0,18,0,8,0,0,7,11,1,1,6,3,-1,-1,1197,1,2,-1,-1,-1
2019136291529,2,9,0,18,0,8,0,0,0,0,1,1,6,1,32,6,1956,2,5,1,1,1
2019136291529,3,9,0,18,0,1,0,0,0,0,0,1,1,1,43,7,1560,2,3,1,1,1
20191362B1327,1,9,0,18,0,0,0,0,0,0,4,1,6,1,21,5,1995,2,15,1,1,1
20191362C0379,1,9,0,18,0,1,0,0,0,0,1,1,1,1,55,8,1870,2,16,1,1,1
20191362C0379,2,21,0,18,0,2,0,0,0,0,1,1,1,1,51,8,12580,2,13,7,3,7
20191362C0478,1,9,0,9,0,5,0,0,0,0,4,1,6,1,22,5,1598,1,14,1,1,1
20191362D0330,1,9,0,18,0,8,0,0,0,0,1,1,6,3,-1,-1,-1,-1,-1,-1,-1,-1
20191362D1902,1,9,0,9,0,5,0,0,0,0,4,1,6,1,22,5,1968,2,7,1,1,1
20191362D1902,2,1,0,18,0,8,0,0,0,0,1,1,6,1,38,7,-1,-1,-1,1,1,1
20191362E1360,1,9,0,7,0,1,0,0,0,0,3,1,6,1,23,5,1197,1,2,1,1,1
20191362E1360,2,9,0,18,0,1,0,0,0,0,4,1,6,2,50,8,1198,1,13,1,1,1
20191362E2156,1,9,0,18,0,4,0,0,0,0,1,1,6,1,52,8,1984,1,1,-1,-1,-1
20191362E2156,2,19,0,18,0,8,0,0,0,0,4,1,6,1,24,5,2198,2,4,3,1,3
20191362E2156,3,9,0,18,0,8,0,0,0,0,4,1,6,1,47,8,1398,1,13,1,1,1
20191362F1133,1,9,0,16,0,0,0,0,0,0,1,1,6,2,70,10,1388,1,9,8,1,8
20191362F1133,2,9,0,17,0,0,0,0,0,0,1,1,6,1,71,10,1796,1,14,4,1,4
20191362F1637,1,1,0,18,0,8,0,0,0,0,4,1,6,1,52,8,-1,-1,-1,1,1,1
20191362F1637,2,9,0,7,0,6,0,0,0,0,1,1,6,3,-1,-1,-1,-1,-1,-1,-1,-1
20191362G0545,1,9,0,6,0,2,0,0,0,0,3,1,6,2,39,7,1968,2,6,5,1,5
20191362G0545,2,1,0,16,0,2,0,0,0,0,1,1,6,1,37,7,-1,-1,-1,6,1,6
20191362G1224,1,9,0,9,0,5,0,0,0,0,3,1,6,1,40,7,-1,-1,-1,4,1,4
20191362G1224,2,9,0,13,0,8,0,0,0,0,1,1,6,1,28,6,-1,-1,-1,6,1,6
20191362G2003,1,8,0,2,0,0,0,0,0,0,0,1,1,1,37,7,1560,2,8,1,1,1
20191362G2083,1,9,0,18,0,0,0,0,7,11,1,1,6,1,40,7,1968,2,3,1,1,1
20191362G2237,1,9,0,18,0,1,0,0,0,0,1,1,6,3,30,6,-1,-1,-1,-1,-1,-1
20191362G2237,2,9,0,18,0,1,0,0,0,0,3,1,6,1,26,6,1968,2,11,2,1,2
20191362H0216,1,9,0,18,0,8,1,0,3,11,3,1,6,1,32,6,1968,2,12,-1,-1,-1
20191362H0216,2,9,0,18,0,8,1,0,0,6,1,1,6,1,20,4,1910,2,11,-1,-1,-1
20191362H0442,1,9,0,12,0,4,0,0,0,0,3,1,1,1,28,6,1368,1,6,-1,-1,-1
20191362H0442,2,1,0,18,0,8,0,0,0,0,1,1,6,2,49,8,-1,-1,-1,1,1,1
20191362H1335,1,9,0,6,0,1,0,0,0,0,3,1,1,1,42,7,1995,2,8,1,1,1
20191362H1335,2,9,0,18,0,1,0,0,0,0,1,1,6,1,25,5,1560,2,3,7,-1,7
20191362I0808,1,9,0,9,0,0,0,0,0,0,4,1,6,2,77,11,1339,1,13,3,1,3
20191362I0808,2,5,0,18,0,0,2,0,0,0,1,1,6,1,41,7,600,1,18,1,1,1
20191362I1757,1,9,0,9,0,1,0,0,0,0,4,1,6,2,33,6,1461,2,5,2,1,2
20191362I1757,2,9,0,18,0,1,0,0,0,0,1,1,6,1,19,4,1968,2,10,8,1,8
20191362I1860,1,9,0,18,0,0,0,0,0,0,1,1,6,1,-1,-1,4367,2,8,-1,-1,-1
20191362I1860,2,9,0,18,0,0,0,0,0,0,2,1,6,1,31,6,1598,2,8,4,1,4
20191362J0850,1,9,0,18,0,1,0,0,0,0,1,1,6,1,-1,-1,1968,2,10,-1,-1,-1
20191362J0850,2,9,0,3,0,1,0,0,0,0,2,1,6,1,36,7,1968,2,3,-1,-1,-1
20191362J1338,1,9,0,18,0,8,0,0,0,0,3,1,6,2,25,5,-1,-1,-1,1,1,1
20191362J1338,2,9,0,18,0,8,0,0,0,0,1,1,6,2,37,7,1968,2,8,1,1,1
20191362J1385,1,9,0,18,0,1,0,0,0,0,4,1,6,1,30,6,1995,2,7,2,1,2
20191362J1385,2,9,0,12,0,1,0,0,0,0,3,1,6,2,55,8,999,1,1,3,1,3
20191362J1499,1,9,0,18,0,0,0,0,0,0,1,1,6,2,29,6,1296,1,12,3,1,3
20191362J1560,1,1,0,7,0,1,0,0,0,0,1,1,6,1,59,9,-1,-1,-1,1,1,1
20191362J1560,2,9,0,18,0,1,0,0,0,0,1,1,6,3,-1,-1,-1,-1,-1,-1,-1,-1
20191362K0408,1,9,0,18,0,0,0,0,0,0,1,1,6,1,25,5,1329,1,4,1,1,1
20191362K0408,2,9,0,18,0,0,0,0,0,0,1,1,6,1,31,6,1199,2,6,6,1,6
20191362K0768,1,9,0,18,0,0,0,0,0,0,1,1,6,1,26,6,1781,1,17,1,1,1
20191362K0868,1,9,0,9,0,8,0,0,0,0,1,1,6,2,35,6,2204,2,13,1,1,1
20191362K1100,1,9,0,18,0,0,0,0,0,0,4,1,6,2,29,6,-1,-1,-1,-1,-1,-1
20191362L1633,1,9,0,18,0,8,0,0,0,0,1,1,6,1,-1,-1,1968,2,2,-1,-1,-1
20191362L1633,2,9,0,3,0,8,0,0,0,0,2,1,6,2,62,9,1997,2,16,9,3,9
20191362M0779,1,9,0,5,0,8,0,0,0,0,1,1,6,1,39,7,1796,1,13,5,1,5
20191362M1177,1,11,0,18,0,8,0,0,0,0,1,1,1,1,47,8,4249,2,2,7,1,7
20191362M1495,1,3,0,18,0,0,0,0,0,0,1,1,6,1,25,5,125,1,3,1,1,1
20191362M1495,2,9,0,18,0,0,0,0,0,0,2,1,6,2,27,6,1956,2,8,3,1,3
20191362N1705,1,9,0,18,0,8,0,0,0,0,1,1,6,2,19,4,1399,1,10,1,1,1
20191362N1705,2,9,0,18,0,8,0,4,0,0,3,1,2,1,38,7,2143,2,1,5,1,5
20191362N1705,3,9,0,2,0,2,0,0,0,0,2,1,6,3,-1,-1,1299,1,17,-1,-1,-1
20191362O0485,1,8,0,7,0,6,0,0,0,0,1,1,1,1,44,7,1598,2,9,4,1,4
20191362O0485,2,1,0,18,0,8,5,0,0,0,4,1,6,1,50,8,-1,-1,-1,3,1,3
20191362O1829,1,9,0,18,0,1,0,0,0,0,3,1,6,2,21,5,1598,1,13,1,1,1
20191362O1829,2,9,0,18,0,1,0,0,0,0,4,1,6,1,68,10,-1,-1,-1,8,1,8
20191362P0747,1,9,0,9,0,8,0,0,0,0,3,1,6,1,67,10,1797,8,6,3,1,3
20191362P1000,1,9,0,7,0,0,0,0,0,0,1,1,6,2,48,8,1598,2,4,7,1,7
20191362P1823,1,1,0,18,0,8,0,0,0,0,3,1,6,1,19,4,-1,-1,-1,4,2,4
20191362P1823,2,9,0,18,0,8,0,0,0,0,1,1,6,1,63,9,1598,2,4,8,2,8
20191362P1823,3,9,0,18,0,8,0,0,0,0,1,1,6,2,60,9,1995,2,11,3,1,3
20191362Q0571,1,9,0,18,0,0,0,0,0,0,2,1,6,1,32,6,1997,1,19,1,1,1
20191362Q1330,1,9,0,18,0,0,0,0,0,0,1,1,2,1,64,9,1086,1,14,2,1,2
20191362R0445,1,9,0,4,0,1,0,0,0,0,1,1,6,1,25,5,3456,8,12,-1,-1,-1
20191362R0445,2,9,0,3,0,1,0,0,0,0,2,1,6,1,31,6,1988,1,17,2,1,2
20191362R1526,1,9,0,18,0,2,0,0,0,0,1,1,6,1,30,6,-1,-1,-1,2,1,2
20191362R1526,2,9,0,10,0,2,0,0,0,0,1,1,6,1,51,8,1997,2,7,4,1,4
20191362R1803,1,4,0,18,0,1,0,0,0,0,1,1,6,1,27,6,649,1,13,1,1,1
20191362R1803,2,9,0,9,0,8,0,0,0,0,2,1,1,1,57,9,1598,2,8,-1,-1,-1
20191362S1988,1,9,0,18,0,2,0,0,0,0,4,1,6,1,24,5,1598,2,6,3,1,3
20191362S1988,2,9,0,9,0,1,0,0,0,0,1,1,6,1,25,5,1968,2,14,1,1,1
2019136310287,1,9,0,18,0,8,0,0,0,0,1,1,6,1,33,6,2494,8,2,1,1,1
2019136321383,1,9,0,18,0,8,0,0,0,0,1,1,6,2,45,7,1490,1,10,1,1,1
2019136321383,2,9,0,9,0,8,0,0,0,0,1,1,6,2,35,6,1598,2,6,3,1,3
2019136330009,1,9,0,6,0,0,0,0,0,0,1,1,6,1,49,8,1896,2,10,-1,-1,-1
2019136330009,2,8,0,18,0,0,0,0,0,0,1,1,6,1,58,9,1968,2,5,2,1,2
2019136340320,1,9,0,3,0,0,0,0,0,0,2,1,3,2,36,7,1968,2,3,5,1,5
2019136340320,2,9,0,4,0,0,0,0,0,0,1,1,6,2,44,7,998,1,6,9,1,9
2019136340425,1,20,4,18,0,1,0,0,0,0,0,1,1,1,51,8,-1,-1,-1,7,1,7
2019136341295,1,9,0,18,0,2,0,0,0,0,1,1,6,1,59,9,1896,2,14,1,1,1
2019136341295,2,19,0,5,0,1,0,0,0,0,4,1,6,1,57,9,2402,2,13,1,1,1
2019136350321,1,9,0,9,0,1,0,0,0,0,1,1,6,2,56,9,999,1,1,4,1,4
2019136350321,2,1,0,18,4,1,0,0,0,0,3,1,6,1,34,6,-1,-1,-1,9,1,9
2019136351636,1,9,0,18,0,1,0,0,0,0,3,1,6,1,56,9,2198,2,13,-1,-1,-1
2019136351746,1,4,0,18,0,0,0,0,0,0,1,1,6,1,22,5,499,1,13,3,1,3
2019136351746,2,9,0,4,0,0,0,0,0,0,2,1,1,1,42,7,1968,2,5,1,1,1
2019136351746,3,9,0,4,0,0,0,0,0,0,0,1,6,1,-1,-1,-1,-1,-1,-1,-1,-1
2019136351813,1,9,0,7,0,5,0,0,8,4,1,1,6,1,21,5,1399,1,2,1,1,1
2019136360590,1,9,0,18,0,1,0,0,0,0,1,1,6,2,-1,-1,-1,-1,-1,-1,-1,-1
2019136360654,1,9,0,4,0,0,0,0,0,0,1,1,6,1,57,9,1598,2,2,2,1,2
2019136360654,2,9,0,4,0,0,0,0,0,0,2,1,6,2,25,5,1598,1,5,10,1,10
2019136360654,3,9,0,4,0,0,0,0,0,0,2,1,6,2,22,5,1242,1,12,5,1,5
2019136361122,1,9,0,18,0,1,0,0,0,0,1,1,6,2,21,5,1229,1,12,2,1,2
2019136361122,2,19,0,9,0,6,0,0,0,0,3,1,6,1,60,9,-1,-1,-1,8,2,8
2019136361786,1,9,0,18,0,1,1,0,0,0,1,1,6,2,32,6,1984,1,4,-1,-1,-1
2019136361786,2,19,0,2,0,2,0,0,0,0,3,1,6,1,30,6,1995,2,2,-1,-1,-1
2019136381026,1,9,0,18,0,0,0,0,0,0,0,1,6,3,-1,-1,-1,-1,-1,-1,-1,-1
2019136381491,1,9,0,18,0,0,0,0,0,0,3,1,6,2,27,6,1598,2,5,1,1,1
2019136381925,1,9,0,10,0,1,0,0,0,0,1,1,6,1,48,8,1753,2,9,1,1,1
2019136381925,2,9,0,18,0,1,0,0,0,0,1,1,6,1,49,8,1596,1,16,1,1,1
2019136381931,1,9,0,18,0,0,0,0,0,0,1,1,6,1,-1,-1,-1,-1,-1,-1,-1,-1
2019136390437,1,9,0,18,0,8,1,11,1,1,4,1,6,1,21,5,1339,1,13,4,1,4
2019136390437,2,9,0,18,0,8,0,0,0,0,1,1,6,1,54,8,-1,-1,-1,4,1,4
2019136390962,1,9,0,13,0,8,0,0,0,0,4,1,6,3,-1,-1,-1,-1,-1,-1,-1,-1
2019136390962,2,9,0,18,0,8,5,0,1,11,3,1,6,1,73,10,1461,2,9,1,1,1
2019136391174,1,9,0,9,0,5,0,0,0,0,1,1,6,2,35,6,1596,1,17,4,1,4
2019136391174,2,8,0,18,0,1,0,0,0,0,1,1,1,1,53,8,1582,2,8,1,1,1
2019136391232,1,9,0,18,0,8,0,0,0,0,3,1,6,2,33,6,1995,2,1,3,1,3
20191363A0265,1,9,0,18,0,0,0,0,0,0,1,1,6,1,38,7,1896,2,13,3,1,3
20191363A1097,1,9,0,18,0,2,1,0,1,11,1,1,6,1,58,9,1397,1,17,3,1,3
20191363A1533,1,9,0,18,0,8,0,0,0,0,1,1,6,1,28,6,1560,2,9,2,1,2
20191363A1533,2,9,0,9,0,8,0,0,0,0,4,1,6,1,20,4,1598,2,7,1,1,1
20191363B0127,1,9,0,18,0,0,0,0,0,0,1,1,6,3,-1,-1,-1,-1,-1,-1,-1,-1
20191363B0235,1,9,0,18,0,1,0,0,0,0,4,1,6,2,58,9,3189,1,13,7,1,7
20191363B0235,2,9,0,18,0,2,0,0,0,0,1,1,6,1,30,6,1229,1,9,1,1,1
20191363B0472,1,9,0,18,0,8,0,0,0,0,1,1,6,1,78,11,1199,1,1,5,1,5
20191363B0472,2,9,0,18,0,8,0,0,0,0,1,1,6,2,73,10,-1,-1,-1,6,2,6
20191363B0606,1,9,0,18,0,8,0,0,0,0,1,1,6,1,51,8,1685,2,2,-1,-1,-1
20191363B0606,2,9,0,9,0,8,0,0,0,0,1,1,6,1,-1,-1,-1,-1,-1,-1,-1,-1
20191363B1046,1,1,0,18,0,0,5,0,0,0,0,1,6,2,54,8,-1,-1,-1,10,1,10
20191363C0591,1,9,0,18,0,0,0,0,0,0,1,1,1,1,30,6,1598,2,4,7,1,7
20191363C0591,2,9,0,18,0,0,0,0,0,0,1,1,1,1,68,10,-1,-1,-1,3,1,3
20191363C1196,1,9,0,18,0,0,0,0,0,0,1,1,6,2,-1,-1,-1,-1,-1,-1,-1,-1
20191363C1196,2,9,0,18,0,0,0,0,0,0,2,1,6,2,19,4,1242,1,10,8,1,8
20191363D0905,1,9,0,9,0,5,0,0,0,0,1,1,1,1,51,8,1791,8,8,1,1,1
20191363D1257,1,9,0,18,0,0,0,0,0,0,1,1,6,3,-1,-1,1560,2,7,-1,-1,-1
20191363D1257,2,9,0,9,0,0,0,0,0,0,2,1,6,1,22,5,999,1,3,9,2,9
20191363D1660,1,9,0,18,0,8,0,0,0,0,1,1,6,1,33,6,1598,2,8,1,1,1
20191363D1660,2,9,0,18,0,8,0,0,0,0,1,1,6,1,33,6,-1,-1,-1,1,1,1
20191363D1667,1,9,0,18,0,0,0,0,0,0,1,1,6,3,-1,-1,-1,-1,-1,-1,-1,-1
20191363E0050,1,9,0,18,0,0,0,0,0,0,1,1,6,1,37,7,3800,1,6,-1,-1,-1
20191363E0050,2,21,1,18,0,0,0,0,0,0,2,1,1,1,47,8,10837,2,4,1,2,1
20191363E0281,1,9,0,18,0,1,0,0,0,0,1,1,6,2,23,5,1597,2,3,9,1,9
20191363E0281,2,9,0,18,0,1,0,0,0,0,2,1,6,1,35,6,2143,2,6,1,1,1
20191363E1291,1,9,0,18,0,8,0,0,0,0,1,1,6,1,24,5,1896,2,13,1,1,1
20191363E1291,2,9,0,18,0,8,0,0,0,0,4,1,6,2,55,8,1242,1,5,3,1,3
20191363F0380,1,9,0,18,0,8,0,0,0,0,1,1,6,3,-1,-1,-1,-1,-1,-1,-1,-1
20191363F0380,2,19,0,18,0,8,0,0,0,0,4,1,6,2,20,4,1968,2,2,-1,-1,-1
20191363F0799,1,9,0,9,0,6,0,0,0,0,1,1,6,1,87,11,1364,1,7,9,1,9
20191363F0799,2,9,0,18,0,1,0,0,0,0,1,1,6,1,26,6,2143,2,2,10,1,10
20191363F1887,1,8,0,18,0,1,0,0,0,0,4,1,6,1,67,10,1896,2,10,5,1,5
20191363F1887,2,9,0,18,0,1,0,0,0,0,3,1,1,1,27,6,998,1,20,2,1,2
20191363G0885,1,9,4,5,0,8,0,0,0,0,4,1,6,2,28,6,2982,2,7,2,1,2
20191363G0885,2,1,0,4,0,1,0,0,0,0,1,1,6,1,28,6,-1,-1,-1,3,1,3
20191363G0929,1,8,0,5,0,0,0,0,0,0,1,1,6,1,40,7,1598,2,8,-1,-1,-1
20191363G0929,2,9,0,18,0,0,0,0,0,0,4,1,6,2,45,7,996,1,5,1,1,1
20191363G1910,1,9,0,7,0,1,0,0,0,0,1,1,6,1,22,5,1395,1,3,4,1,4
20191363G1910,2,9,0,18,0,1,0,0,0,0,1,1,6,1,69,10,-1,3,2,6,1,6
20191363H0936,1,9,0,18,0,0,0,0,0,0,2,1,6,2,48,8,2993,2,8,2,1,2
20191363H0936,2,9,0,18,0,0,0,0,0,0,1,1,6,1,39,7,1586,1,17,1,1,1
20191363I1545,1,9,0,18,0,0,0,10,7,2,1,1,6,1,31,6,1798,8,2,1,1,1
20191363J1156,1,9,0,11,0,8,0,0,0,0,4,1,6,1,34,6,1598,1,13,1,1,1
20191363J1156,2,9,0,18,0,8,0,0,0,0,3,1,6,1,30,6,1363,2,17,3,1,3
20191363J1894,1,9,0,18,0,6,0,0,8,11,3,1,6,2,40,7,998,1,20,1,1,1
20191363J1894,2,9,0,18,0,1,0,0,0,0,1,1,6,2,19,4,1390,1,10,1,1,1
20191363J1997,1,9,0,18,0,0,0,0,0,0,1,1,6,2,39,7,1328,1,13,8,3,8
20191363K1492,1,9,0,1,0,0,0,0,0,0,2,1,6,1,72,10,1999,1,14,4,1,4
20191363M0447,1,9,0,18,0,8,0,0,0,0,1,1,6,3,-1,-1,-1,-1,-1,-1,-1,-1
20191363M0447,2,9,0,18,0,8,0,0,0,0,3,1,6,1,68,10,1598,1,15,1,1,1
20191363N0786,1,19,0,18,0,1,0,0,0,0,1,1,1,1,45,7,2148,2,14,3,1,3
20191363N0786,2,9,0,4,0,1,0,0,0,0,2,1,6,2,43,7,1242,1,12,10,1,10
20191363N0786,3,9,0,18,0,8,0,0,0,0,3,1,6,2,34,6,1598,2,5,-1,-1,-1
20191363N2107,1,9,0,18,0,0,0,0,2,2,1,1,6,2,48,8,1598,1,11,6,2,6
20191363O0168,1,9,0,18,0,0,5,4,0,0,1,1,6,1,38,7,1968,2,1,1,1,1
20191363O0168,2,9,0,2,0,0,0,0,0,0,1,1,6,3,-1,-1,998,1,4,-1,-1,-1
20191363O0168,3,9,0,2,0,0,0,0,0,0,0,1,6,3,-1,-1,1560,2,6,-1,-1,-1
20191363O0813,1,9,0,18,0,2,0,0,0,0,4,1,6,3,-1,-1,-1,-1,-1,-1,-1,-1
20191363O2024,1,9,0,18,0,8,0,0,0,0,4,1,6,1,18,4,1461,2,-1,3,1,3
20191363O2024,2,9,0,18,0,8,0,0,0,0,3,1,6,3,-1,-1,-1,-1,-1,-1,-1,-1
20191363P0892,1,9,0,18,0,0,0,0,0,0,1,1,6,1,-1,-1,1200,1,1,-1,-1,-1
20191363P0892,2,9,0,18,0,0,0,0,0,0,1,1,6,1,27,6,1598,2,4,7,1,7
20191363P0923,1,9,0,18,0,0,5,0,0,0,4,1,6,2,55,8,1242,1,9,6,1,6
20191363P0923,2,9,0,2,0,0,0,0,0,0,3,1,6,2,-1,-1,1499,1,3,-1,-1,-1
20191363P1658,1,9,0,18,0,0,1,0,0,0,1,1,6,1,24,5,2494,1,30,2,1,2
20191363P1658,2,9,0,2,0,0,0,0,0,0,1,1,6,1,30,6,2993,2,13,2,1,2
20191363P2073,1,5,0,18,0,8,0,0,0,0,1,1,2,1,39,7,998,1,16,6,1,6
20191363P2073,2,90,0,18,0,8,0,0,0,0,4,1,1,2,36,7,2287,2,-1,8,1,8
20191363P2073,3,9,0,4,0,8,0,0,0,0,3,1,6,1,32,6,1968,2,13,2,1,2
20191363Q0318,1,9,0,7,0,1,0,0,0,0,2,1,6,1,43,7,1598,2,3,8,1,8
20191363Q0318,2,1,0,18,0,1,0,0,0,0,3,1,2,1,52,8,-1,-1,-1,9,1,9
20191363R1082,1,9,0,18,0,0,0,0,0,0,3,1,6,2,21,5,1242,1,6,-1,-1,-1
20191363R1179,1,5,0,9,0,8,5,0,0,0,3,1,6,1,67,10,1700,1,3,3,1,3
20191363R1410,1,9,0,18,0,0,0,0,0,0,0,1,6,1,-1,-1,-1,-1,-1,-1,-1,-1
20191363R1410,2,9,0,18,0,0,0,0,0,0,1,1,2,2,55,8,1598,1,14,5,1,5
20191363R1410,3,9,0,18,0,0,0,0,0,11,1,1,2,2,19,4,1198,1,13,2,1,2
20191363S0395,1,8,0,9,0,5,0,0,0,0,1,1,1,1,63,9,1797,8,10,1,1,1
20191363S0502,1,9,0,18,0,1,0,0,0,0,1,1,6,2,73,10,1299,1,12,10,1,10
20191363S0502,2,9,0,2,0,1,0,0,0,0,2,1,6,3,-1,-1,1968,2,3,-1,-1,-1
20191363S1720,1,9,0,18,0,0,0,0,0,0,1,1,6,3,-1,-1,-1,-1,-1,-1,-1,-1
20191363T0003,1,9,0,9,0,5,0,0,0,0,1,1,6,1,-1,-1,1396,1,12,-1,-1,-1
20191363T0278,1,9,0,18,0,0,0,0,0,0,1,1,2,1,25,5,1242,1,17,3,1,3
20191363T0278,2,19,0,4,0,0,0,0,0,0,2,1,1,1,34,6,2998,2,4,7,1,7
20191363U0614,1,9,4,18,0,8,0,0,0,0,1,1,6,1,40,7,1242,1,8,5,1,5
20191363U0614,2,3,0,18,0,8,0,0,0,0,2,1,6,2,46,8,948,1,1,5,1,5
20191363V0543,1,9,0,18,0,0,0,4,0,0,1,1,6,2,30,6,1560,2,9,5,1,5
20191363V0543,2,9,0,2,0,0,0,0,0,0,2,1,6,3,-1,-1,1390,1,14,-1,-1,-1
20191363V0565,1,8,0,18,0,8,0,0,0,0,1,1,1,1,42,7,-1,-1,-1,1,1,1
20191363V0565,2,9,0,18,0,8,0,0,0,0,3,1,6,1,26,6,998,1,1,3,1,3
2019136411131,1,19,0,9,0,1,0,0,0,0,1,1,6,1,33,6,1870,2,16,2,1,2
2019136411131,2,9,0,18,0,1,0,0,0,0,1,1,6,2,46,8,1149,1,8,1,1,1
2019136420434,1,19,0,9,0,6,0,0,0,0,2,1,6,1,33,6,1598,2,3,1,1,1
2019136420434,2,1,0,18,0,8,0,0,0,0,1,1,6,1,36,7,-1,-1,-1,8,1,8
2019136420646,1,11,0,18,0,0,0,0,0,0,4,1,1,3,-1,-1,-1,-1,-1,-1,-1,-1
2019136431379,1,11,0,18,0,0,0,0,0,0,1,1,1,1,53,8,9360,2,11,1,1,1
2019136440548,1,9,0,1,0,0,0,0,0,0,2,1,6,1,-1,-1,-1,-1,-1,-1,-1,-1
2019136440607,1,9,0,9,0,6,0,0,0,0,3,1,6,3,-1,-1,1399,2,9,-1,-1,-1
2019136440607,2,9,0,18,0,1,0,0,0,0,1,1,6,1,17,4,1398,1,4,-1,-1,-1
2019136440607,3,9,0,2,0,1,0,0,0,0,3,1,6,3,-1,-1,1968,2,1,-1,-1,-1
2019136441327,1,9,0,18,0,1,0,0,0,11,4,1,6,2,19,4,1397,1,7,10,1,10
2019136441327,2,9,0,7,0,2,0,0,0,0,1,1,6,2,56,9,2143,2,1,4,1,4
2019136461152,1,9,0,4,0,1,0,0,0,0,2,1,6,2,56,9,1598,2,3,5,1,5
2019136461152,2,9,0,4,0,1,0,0,0,0,2,1,6,2,48,8,-1,-1,-1,1,1,1
2019136461152,3,19,0,4,0,1,0,0,0,0,1,1,1,1,22,5,1560,2,3,6,1,6
2019136461996,1,9,0,5,0,8,0,0,0,0,1,1,2,2,33,6,1364,1,10,3,1,3
2019136461996,2,9,0,18,0,8,0,0,0,0,1,1,6,2,66,10,998,1,10,1,1,1
2019136462168,1,9,0,7,0,5,1,0,0,0,1,1,6,1,29,6,1686,2,6,1,1,1
2019136462168,2,9,0,18,0,2,0,0,0,0,3,1,6,3,-1,-1,1598,2,1,-1,-1,-1
2019136471003,1,8,0,5,0,0,0,0,0,0,1,1,1,1,29,6,1797,8,4,1,1,1
2019136471003,2,9,0,18,0,0,0,0,0,0,4,1,6,2,48,8,1364,1,10,2,1,2
2019136471300,1,19,0,1,0,0,0,0,0,0,2,1,1,1,44,7,2143,2,8,2,1,2
2019136471300,2,9,0,18,0,0,0,0,0,0,4,1,6,1,34,6,1229,1,10,3,1,3
2019136480090,1,9,0,16,0,1,0,0,8,1,3,1,6,1,44,7,2979,1,18,-1,-1,-1
2019136480090,2,9,0,16,0,1,0,0,0,0,0,1,6,1,41,7,2967,2,10,-1,-1,-1
2019136480205,1,9,0,13,0,0,0,0,0,0,4,1,6,3,-1,-1,-1,-1,-1,-1,-1,-1
2019136480205,2,1,0,18,0,0,0,0,0,0,3,1,2,1,56,9,-1,-1,-1,9,1,9
2019136481073,1,9,0,17,0,0,0,0,0,0,1,1,1,1,30,6,-1,-1,-1,1,1,1
2019136481073,2,9,0,2,0,0,0,0,0,0,2,1,3,1,51,8,2993,2,10,1,1,1
2019136491639,1,9,0,18,0,1,0,0,0,0,1,1,6,1,-1,-1,999,1,-1,-1,-1,-1
2019136491639,2,9,0,18,0,1,0,0,0,0,1,1,6,1,50,8,1997,2,11,3,1,3
20191364A1570,1,9,0,18,0,8,0,0,0,0,1,1,6,3,-1,-1,1896,2,14,-1,-1,-1
20191364A1570,2,9,0,18,0,8,0,0,0,0,3,1,6,1,39,7,1461,2,3,4,1,4
20191364A1570,3,9,0,2,0,8,0,0,0,0,2,1,6,2,63,9,1360,1,15,4,1,4
20191364B0205,1,21,1,18,0,1,0,0,0,0,1,1,1,1,33,6,12742,2,1,9,3,9
20191364B0205,2,9,0,3,0,2,0,0,0,0,2,1,2,1,53,8,1896,2,14,1,1,1
20191364B0592,1,9,0,15,0,0,0,0,0,0,1,1,6,1,78,11,1373,1,2,-1,-1,-1
20191364B0592,2,1,0,15,0,0,0,0,0,0,2,1,6,1,57,9,-1,-1,-1,8,2,8
20191364B1065,1,9,0,18,0,8,0,0,3,11,1,1,6,3,-1,-1,1596,1,15,-1,-1,-1
20191364B1065,2,10,0,18,0,8,5,0,3,11,4,1,6,1,32,6,2143,2,8,1,1,1
20191364B2077,1,1,0,18,0,1,0,0,0,0,1,1,6,1,20,4,-1,-1,-1,1,1,1
20191364B2077,2,9,0,7,0,1,0,0,0,0,3,1,6,1,24,5,1968,2,5,8,1,8
20191364C0881,1,9,0,18,0,0,0,0,0,0,1,1,6,2,35,6,1968,2,11,2,1,2
20191364C0881,2,19,0,2,0,0,0,0,0,0,0,1,6,1,37,7,2198,2,6,4,1,4
20191364C1076,1,11,0,18,0,1,0,0,0,0,1,1,1,1,24,5,5132,2,4,1,1,1
20191364C1076,2,9,0,7,0,1,0,0,0,0,4,1,6,2,38,7,1968,2,3,5,1,5
20191364C1846,1,9,0,18,0,0,0,0,0,0,1,1,6,1,36,7,1995,2,9,1,1,1
20191364C1846,2,9,0,2,0,0,0,0,0,0,2,1,6,1,22,5,1968,2,6,4,1,4
20191364C2107,1,9,0,7,0,8,0,0,0,0,4,1,6,1,50,8,1998,1,18,5,1,5
20191364C2107,2,9,0,18,0,8,0,0,0,0,3,1,6,1,34,6,1149,1,13,1,1,1
20191364D1175,1,3,0,18,0,0,1,0,0,0,4,1,6,1,48,8,124,1,7,1,1,1
20191364D1288,1,9,0,18,0,0,0,0,0,0,3,1,6,1,25,5,1968,2,1,1,1,1
20191364D1288,2,9,0,18,0,0,1,4,0,0,4,1,6,2,21,5,1329,1,9,1,1,1
20191364D1288,3,9,0,2,0,0,0,0,0,0,1,1,6,3,-1,-1,1248,2,10,1,1,1
20191364E1919,1,9,0,18,0,0,2,4,7,2,1,1,6,1,20,4,1896,2,11,1,1,1
20191364G1067,1,19,0,18,0,8,5,0,0,0,3,1,1,1,26,6,2198,2,3,3,1,3
20191364G1067,2,9,0,18,0,8,0,0,0,0,1,1,6,1,20,4,999,1,3,10,2,10
20191364H1357,1,9,0,18,0,8,0,0,0,0,1,1,6,2,39,7,1968,2,1,3,1,3
20191364H1357,2,9,0,2,0,2,0,0,0,0,2,1,6,1,54,8,2720,2,13,-1,-1,-1
20191364H1357,3,19,0,18,0,6,0,0,0,0,1,1,6,3,-1,-1,-1,-1,-1,-1,-1,-1
20191364H2044,1,9,0,18,0,1,0,0,0,0,4,1,6,1,48,8,1995,2,8,1,1,1
20191364H2044,2,9,0,18,0,8,0,0,0,0,1,1,6,1,37,7,1968,2,11,2,1,2
20191364I0671,1,8,0,18,0,0,0,0,0,0,1,1,1,1,48,8,1968,2,9,1,1,1
20191364I0671,2,1,0,18,0,0,0,0,0,0,1,1,6,1,8,2,-1,-1,-1,3,1,3
20191364I2065,1,9,0,3,0,8,0,0,0,0,2,1,6,2,21,5,1388,1,10,5,1,5
20191364I2065,2,9,0,18,0,8,0,0,0,0,1,1,6,3,-1,-1,-1,-1,-1,-1,-1,-1
20191364J0604,1,9,0,12,0,6,0,0,0,0,2,1,6,1,58,9,1422,2,9,2,1,2
20191364J0604,2,9,0,18,0,8,1,0,0,0,1,1,6,1,37,7,2354,1,16,2,1,2
20191364K0829,1,8,0,18,0,0,0,0,0,0,4,1,1,1,29,6,1560,2,8,1,1,1
20191364K1425,1,9,0,18,0,0,0,0,0,0,4,1,6,2,29,6,1968,2,6,1,1,1
20191364K1425,2,9,0,18,0,0,0,0,0,0,3,1,6,2,24,5,1598,2,4,1,1,1
20191364L1015,1,9,0,15,0,0,0,0,0,0,4,1,6,2,78,11,1329,1,4,9,1,9
20191364L1015,2,1,0,18,0,0,0,0,0,0,3,1,6,1,61,9,-1,-1,-1,3,1,3
20191364L1718,1,9,0,9,0,8,0,0,0,0,1,1,6,1,24,5,1332,1,21,4,1,4
20191364L1718,2,9,0,18,0,8,0,0,0,0,1,1,6,1,26,6,1968,2,8,3,1,3
20191364M0391,1,9,0,18,0,8,0,0,0,0,1,1,1,2,57,9,1242,1,5,5,1,5
20191364M0391,2,9,0,18,0,8,5,0,0,0,4,1,1,2,33,6,998,1,6,1,1,1
20191364M0530,1,17,0,18,0,1,0,0,0,0,1,1,6,1,-1,-1,-1,-1,-1,-1,-1,-1
20191364M0530,2,9,0,18,0,1,0,0,0,0,2,1,6,1,62,9,1598,1,11,1,1,1
20191364N1810,1,9,0,5,0,0,0,0,0,0,4,1,6,1,62,9,1896,2,12,1,1,1
20191364O0771,1,9,0,18,0,0,0,0,0,0,4,1,6,1,77,11,1499,2,3,6,1,6
20191364P1715,1,9,0,18,0,1,0,0,0,0,1,1,6,1,32,6,1998,1,15,4,1,4
20191364R0892,1,9,0,18,0,1,0,0,1,0,1,1,6,1,18,4,-1,-1,-1,1,1,1
20191364R0892,2,9,0,4,0,1,0,0,0,0,2,1,6,1,19,4,1968,2,12,2,1,2
20191364R0892,3,9,0,2,0,1,0,0,0,0,2,1,6,3,30,6,2143,2,1,-1,-1,-1
20191364R0892,4,9,0,2,0,1,0,0,0,0,2,1,6,3,30,6,2143,2,4,-1,-1,-1
20191364R1473,1,9,0,18,0,8,0,0,0,0,1,1,6,1,50,8,1598,2,5,2,1,2
20191364R1473,2,9,0,9,0,5,0,0,0,0,1,1,6,2,35,6,1896,2,16,3,1,3
20191364S0975,1,9,0,18,0,0,0,0,0,0,2,1,6,1,37,7,1997,2,9,9,1,9
20191364S0975,2,9,0,18,0,0,0,0,0,0,1,1,6,1,-1,-1,1995,2,9,-1,-1,-1
20191364T1052,1,9,0,18,0,6,0,10,0,0,1,1,6,3,-1,-1,1997,2,16,-1,-1,-1
20191364T1052,2,9,0,18,0,5,0,0,0,0,1,1,6,2,29,6,1598,2,6,1,1,1
20191364U0364,1,9,0,7,0,8,0,0,0,0,1,1,6,1,82,11,1206,1,5,1,1,1
20191364U0364,2,19,0,18,0,8,0,0,0,0,1,1,1,1,31,6,2198,2,3,7,1,7
20191364U0394,1,9,0,18,0,8,0,0,0,0,3,1,6,2,28,6,1968,2,10,-1,-1,-1
20191364U0394,2,19,0,18,0,8,0,0,0,0,4,1,1,1,43,7,-1,-1,-1,1,1,1
20191364U0394,3,9,0,18,0,8,0,0,0,0,3,1,6,1,44,7,1390,1,12,5,1,5
2019136510316,1,9,0,18,0,0,0,0,0,0,4,1,6,3,-1,-1,1198,1,8,-1,-1,-1
2019136510316,2,1,0,18,0,0,0,0,0,0,3,1,6,1,44,7,-1,-1,-1,8,1,8
2019136511117,1,9,0,9,0,6,0,0,0,0,3,1,6,2,44,7,1969,2,3,-1,-1,-1
2019136511117,2,9,0,18,0,1,0,0,0,0,1,1,6,1,27,6,2993,2,10,-1,-1,-1
2019136511214,1,19,0,7,0,1,0,0,0,0,4,1,6,1,21,5,2198,2,5,6,1,6
2019136511214,2,1,0,18,0,1,0,0,0,0,3,1,6,2,48,8,-1,-1,-1,3,1,3
2019136511434,1,9,0,7,0,6,0,0,0,0,1,1,6,3,-1,-1,-1,-1,-1,-1,-1,-1
2019136511434,2,1,0,18,0,1,0,0,0,0,4,1,6,1,45,7,-1,-1,-1,6,1,6
2019136511722,1,9,0,18,0,6,0,0,7,11,1,1,6,2,18,4,1242,1,7,9,1,9
2019136511722,2,9,0,18,0,8,0,0,0,0,1,1,6,1,41,7,1598,2,9,1,1,1
2019136520964,1,9,0,18,0,8,0,0,3,11,1,1,6,1,25,5,1596,1,18,1,1,1
2019136520964,2,9,0,9,0,8,0,0,0,0,3,1,6,2,27,6,1360,1,14,1,1,1
2019136521168,1,9,0,14,0,0,0,0,0,0,1,1,6,1,37,7,1499,2,4,1,1,1
2019136521277,1,9,0,18,0,1,0,0,0,0,1,1,6,1,37,7,1598,1,14,8,1,8
2019136531342,1,9,0,18,0,0,0,0,0,0,1,1,6,1,30,6,2720,2,11,1,1,1
2019136531792,1,9,0,18,0,6,0,0,0,0,1,1,6,1,40,7,1896,2,11,5,1,5
2019136531792,2,9,0,18,0,8,0,0,7,0,4,1,6,1,18,4,1199,2,5,1,1,1
2019136540437,1,9,4,18,0,5,0,0,0,0,0,1,6,3,-1,-1,-1,-1,-1,-1,-1,-1
2019136540437,2,1,0,18,0,8,0,0,0,0,1,1,6,1,37,7,-1,-1,-1,1,1,1
2019136541161,1,9,0,9,0,1,0,0,0,0,1,1,6,2,31,6,1248,2,11,1,1,1
2019136541161,2,8,0,18,0,1,0,0,0,0,1,1,6,1,29,6,-1,-1,-1,1,1,1
2019136541471,1,9,0,17,0,0,0,0,0,4,1,1,6,1,26,6,1995,2,6,1,1,1
2019136541548,1,9,0,18,0,4,0,0,0,0,3,1,6,2,28,6,1364,1,11,5,1,5
2019136541548,2,8,0,18,0,8,0,0,0,0,1,1,6,1,37,7,1968,2,10,3,1,3
2019136550886,1,9,0,7,0,8,0,0,0,0,2,1,6,1,48,8,1896,2,18,2,1,2
2019136550886,2,9,0,18,0,8,0,0,0,0,1,1,6,1,28,6,1998,2,11,1,1,1
2019136551348,1,9,0,18,0,8,0,0,0,0,1,1,1,2,42,7,-1,-1,-1,1,1,1
2019136551348,2,9,0,9,0,8,0,0,0,0,4,1,6,1,44,7,2148,2,11,2,1,2
2019136571677,1,9,0,18,0,1,0,0,7,0,1,1,6,1,26,6,1968,2,5,3,1,3
2019136571677,2,9,0,4,0,6,1,0,0,0,3,1,6,1,21,5,1084,1,1,3,1,3
2019136580282,1,9,0,18,0,0,0,0,0,0,4,1,6,2,-1,-1,-1,-1,-1,-1,-1,-1
2019136580904,1,9,0,4,0,1,0,0,0,0,1,1,6,1,27,6,1968,2,6,5,1,5
2019136580904,2,9,0,3,0,1,0,0,0,0,2,1,6,1,48,8,1461,2,8,4,1,4
2019136590833,1,21,0,7,0,8,0,0,0,0,1,1,1,1,60,9,4500,2,2,4,1,4
20191365A1304,1,8,0,18,0,0,0,0,0,0,1,1,1,1,59,9,1598,2,7,1,1,1
20191365A1304,2,9,0,3,0,0,0,0,0,0,2,1,6,2,22,5,1390,1,5,4,1,4
20191365A1304,3,9,0,3,0,0,0,0,0,0,2,1,6,2,63,9,1499,2,2,2,1,2
20191365A1527,1,4,0,13,0,0,5,11,0,0,1,1,6,1,21,5,373,1,4,1,1,1
20191365A1527,2,9,0,2,0,0,0,0,0,0,1,1,6,1,35,6,1248,2,6,-1,-1,-1
20191365A1527,3,9,0,2,0,0,0,0,0,0,1,1,6,1,33,6,1998,2,10,-1,-1,-1
20191365B0443,1,11,0,18,0,1,0,0,0,0,1,1,1,1,61,9,7300,2,13,6,1,6
20191365B0785,1,9,0,9,0,8,0,0,0,0,1,1,6,1,63,9,1598,2,2,1,1,1
20191365B0785,2,22,0,18,0,8,0,0,0,0,3,1,6,1,56,9,-1,-1,-1,1,1,1
20191365B1259,1,9,0,6,0,0,0,0,0,0,3,1,6,1,-1,-1,1968,2,11,-1,-1,-1
20191365B1259,2,9,0,13,0,0,0,0,0,0,4,1,6,1,42,7,1598,1,14,1,1,1
20191365D0364,1,9,0,9,0,8,0,0,0,0,4,1,6,1,42,7,1999,7,12,1,1,1
20191365D0675,1,9,0,1,0,0,0,0,0,0,2,1,6,1,88,11,1000,1,-1,3,1,3
20191365E1135,1,9,0,9,0,8,0,0,0,0,3,1,6,3,-1,-1,-1,-1,-1,-1,-1,-1
20191365E1135,2,1,0,18,0,8,0,0,0,0,1,1,6,1,14,3,-1,-1,-1,2,1,2
20191365F1000,1,9,0,18,0,2,0,0,0,0,1,1,6,1,23,5,1686,2,15,4,1,4
20191365F1000,2,9,0,13,0,1,0,0,0,0,1,1,6,1,27,6,1968,2,5,3,1,3
20191365F1528,1,9,0,18,0,0,0,0,1,5,1,1,6,2,30,6,1781,1,16,8,1,8
20191365F1528,2,9,0,18,0,0,0,0,0,0,1,1,6,2,45,7,1598,2,2,10,2,10
20191365F1549,1,9,0,18,0,1,0,0,0,0,3,1,6,1,55,8,1998,1,3,2,1,2
20191365G1299,1,9,0,7,0,8,0,11,0,0,1,1,6,2,31,6,1248,2,8,3,1,3
20191365G1315,1,90,0,13,0,0,5,0,0,0,1,1,6,1,16,4,650,1,1,5,1,5
20191365G1315,2,9,0,18,0,0,0,0,0,0,3,1,6,2,33,6,1395,1,4,5,1,5
20191365G1315,3,9,0,2,0,0,0,0,0,0,2,1,6,1,32,6,1298,1,16,-1,-1,-1
20191365I0863,1,9,0,14,0,0,0,4,0,0,4,1,6,2,30,6,-1,-1,-1,3,1,3
20191365I0863,2,9,0,2,0,0,0,0,0,0,4,1,6,3,-1,-1,1398,1,9,-1,-1,-1
20191365J0504,1,9,0,9,0,8,0,0,0,0,2,1,6,1,30,6,999,1,1,3,1,3
20191365J0504,2,1,0,9,0,8,0,0,0,0,1,1,6,1,71,10,-1,-1,-1,9,3,9
20191365K0280,1,9,0,7,0,8,0,0,0,0,1,1,6,1,60,9,1198,1,5,1,1,1
20191365K0324,1,19,0,18,0,0,0,0,0,0,1,1,6,2,57,9,-1,-1,-1,5,1,5
20191365K0742,1,9,0,9,0,0,0,0,0,0,1,1,6,2,44,7,1997,2,4,4,2,4
20191365K0742,2,3,0,9,0,0,0,0,0,0,4,1,6,1,50,8,123,1,11,3,1,3
20191365L0110,1,5,0,16,0,2,2,0,8,0,3,1,6,1,19,4,600,1,7,2,1,2
20191365L0252,1,9,0,9,0,6,0,0,0,0,1,1,2,1,61,9,998,1,2,2,2,2
20191365L0252,2,5,0,18,0,8,0,0,0,0,4,1,2,1,20,4,689,1,2,-1,-1,-1
20191365L1534,1,9,0,18,0,0,0,0,0,0,1,1,6,3,-1,-1,-1,-1,-1,-1,-1,-1
20191365L1789,1,9,0,18,0,4,0,0,0,0,1,1,6,2,49,8,1598,2,3,9,1,9
20191365L1789,2,1,0,18,0,8,0,0,0,0,4,1,6,1,30,6,-1,-1,-1,9,2,9
20191365M0290,1,9,0,4,0,0,0,0,0,0,1,1,6,1,42,7,1790,1,10,4,1,4
20191365M0290,2,9,0,4,0,0,0,0,0,0,2,1,6,2,35,6,998,1,13,-1,-1,-1
20191365M0511,1,21,0,18,0,8,0,0,0,0,3,1,1,1,25,5,9365,2,11,-1,-1,-1
20191365M0511,2,9,0,18,0,8,0,0,0,0,4,1,1,1,38,7,1798,1,10,-1,-1,-1
20191365N0276,1,9,0,4,0,1,0,0,0,0,2,1,2,1,31,6,1499,2,2,1,1,1
20191365N0276,2,9,0,4,0,1,0,0,0,0,2,1,2,1,31,6,1598,2,3,-1,-1,-1
20191365N0276,3,9,0,18,0,1,0,0,0,0,1,1,6,3,-1,-1,1364,2,12,-1,-1,-1
20191365N0403,1,9,0,7,0,8,0,0,0,0,1,1,6,2,30,6,1995,2,15,1,1,1
20191365N0871,1,9,0,18,0,1,0,0,0,0,1,1,4,1,19,4,998,1,13,1,1,1
20191365N0871,2,9,0,9,0,1,0,0,0,0,1,1,6,1,58,9,1582,2,6,1,1,1
20191365N1421,1,3,0,13,0,1,5,0,0,0,1,1,2,2,47,8,125,1,1,1,1,1
20191365N1421,2,9,0,9,0,5,0,0,0,0,3,1,2,1,38,7,1598,2,4,1,1,1
20191365N1785,1,9,0,18,0,0,0,0,0,0,1,1,6,1,24,5,1896,2,12,1,1,1
20191365O1083,1,9,0,18,0,0,0,0,1,7,4,1,6,1,32,6,1596,1,13,1,1,1
20191365O1084,1,3,0,18,0,0,5,4,0,0,1,1,6,1,23,5,125,1,4,4,1,4
20191365O1084,2,9,0,2,0,0,0,0,0,0,2,1,6,1,35,6,1956,2,8,-1,-1,-1
20191365O1537,1,9,0,18,0,2,0,0,0,0,1,1,6,2,20,4,1398,1,8,2,1,2
20191365O1537,2,9,0,18,0,8,0,7,0,1,2,1,6,2,37,7,998,1,5,1,1,1
20191365O1925,1,9,0,10,0,1,0,0,0,0,4,1,6,1,41,7,1598,1,13,7,3,7
20191365O1925,2,9,0,18,0,1,1,7,0,0,1,1,6,1,28,6,2204,2,14,1,1,1
20191365P0128,1,9,0,18,0,0,0,0,0,0,4,1,6,2,-1,-1,-1,-1,-1,-1,-1,-1
20191365P0612,1,9,0,10,0,1,0,0,0,0,3,1,6,1,70,10,1991,2,10,6,1,6
20191365P0612,2,1,0,18,0,1,0,0,0,0,1,1,6,1,33,6,-1,-1,-1,7,-1,7
20191365R0356,1,9,0,17,0,0,2,0,0,0,0,1,1,1,24,5,998,1,20,1,1,1
20191365R1242,1,9,0,7,0,5,0,0,0,0,1,1,6,3,-1,-1,2835,2,21,-1,-1,-1
20191365R1242,2,9,0,2,0,2,0,0,0,0,3,1,6,2,30,6,1896,2,17,2,1,2
20191365T0746,1,8,0,18,0,0,0,0,0,0,1,1,1,1,48,8,1797,8,9,4,1,4
20191365T1152,1,9,0,18,0,0,0,0,0,0,1,1,6,1,32,6,1149,1,14,1,1,1
20191365T1256,1,9,5,18,0,0,0,0,0,0,3,1,6,1,68,10,1997,2,12,10,1,10
20191365T1256,2,19,0,18,0,0,0,0,0,0,3,1,1,1,35,6,2464,2,13,2,1,2
20191365T1463,1,9,0,4,0,0,2,0,2,0,1,1,1,1,25,5,-1,-1,-1,6,2,6
20191365T1463,2,9,0,4,0,0,0,0,0,0,2,1,6,2,40,7,1248,2,4,9,1,9
20191365T1471,1,19,0,18,0,1,0,0,0,0,3,1,6,1,-1,-1,1968,2,5,-1,-1,-1
20191365T1471,2,9,0,9,0,6,0,0,0,0,1,1,6,2,42,7,1968,2,2,-1,-1,-1
20191365U0177,1,9,0,17,0,8,1,11,0,0,4,1,2,1,22,5,1900,2,13,1,1,1
20191365U0177,2,19,0,2,0,8,1,0,0,0,1,1,6,3,-1,-1,1995,2,3,-1,-1,-1
20191365U0177,3,9,0,2,0,8,1,0,0,0,1,1,6,3,-1,-1,998,1,11,-1,-1,-1
20191365U0836,1,9,0,9,0,5,0,0,0,0,1,1,6,2,20,4,1229,1,10,1,1,1
20191365U0836,2,9,0,18,0,8,0,0,0,0,1,1,6,1,39,7,1598,2,8,1,1,1
20191365U1055,1,21,1,1,0,0,0,0,0,0,2,1,1,1,50,8,12809,2,2,1,1,1
20191365U1055,2,9,0,18,0,0,0,0,0,0,1,1,6,1,50,8,1968,2,15,1,1,1
20191365U1204,1,9,0,18,0,0,0,0,0,0,1,1,6,1,17,4,1198,1,13,1,1,1
20191365U1204,2,9,0,2,0,0,0,0,0,0,4,1,6,2,44,7,1332,1,1,8,1,8
20191365U1415,1,1,0,18,0,4,0,0,0,0,1,1,2,1,28,6,-1,-1,-1,7,1,7
20191365U1415,2,9,0,9,0,8,0,0,0,0,4,1,2,2,21,5,999,1,1,9,1,9
20191365V1242,1,21,1,3,0,1,0,0,0,0,3,1,6,1,40,7,-1,-1,-1,-1,-1,-1
20191365V2099,1,8,0,9,0,6,0,0,0,0,1,1,1,1,46,8,1598,2,8,1,1,1
20191365V2099,2,9,0,18,0,8,0,0,0,0,4,1,6,1,57,9,1560,2,9,2,1,2
2019136610440,1,19,0,18,0,0,0,0,5,6,3,1,1,1,32,6,1998,2,16,1,1,1
2019136611750,1,9,0,9,0,8,0,0,1,0,1,1,6,3,-1,-1,-1,-1,-1,-1,-1,-1
2019136621193,1,9,0,4,0,0,0,0,0,0,2,1,6,2,30,6,1598,2,3,5,1,5
2019136621193,2,9,0,18,0,0,0,0,0,0,1,1,6,2,31,6,1598,1,5,4,1,4
2019136621479,1,9,0,9,0,8,0,0,0,0,1,1,6,1,22,5,1229,1,12,1,1,1
2019136621479,2,9,0,18,0,8,0,0,0,0,4,1,6,2,20,4,1329,1,5,1,1,1
2019136621604,1,9,0,18,0,1,0,0,0,0,1,1,6,1,21,5,1229,1,10,-1,-1,-1
2019136630447,1,8,0,1,0,0,0,0,0,0,2,1,1,1,45,7,-1,-1,-1,-1,-1,-1
2019136631364,1,9,0,18,0,8,0,0,0,0,3,1,6,1,47,8,1910,2,9,1,1,1
2019136631417,1,9,0,18,0,0,0,0,0,10,1,1,2,2,53,8,1496,1,-1,3,1,3
2019136641023,1,2,0,18,0,0,0,0,0,0,1,1,6,1,63,9,124,1,4,3,1,3
2019136651245,1,5,0,18,0,1,0,0,0,0,1,1,6,1,20,4,-1,-1,-1,6,1,6
2019136651245,2,9,0,18,0,1,0,0,0,0,1,1,6,1,24,5,-1,-1,-1,7,1,7
2019136660009,1,9,0,18,0,0,0,0,0,0,1,1,6,2,21,5,1968,2,9,3,1,3
2019136660009,2,8,0,2,0,0,0,0,1,10,4,1,6,1,-1,-1,1797,8,5,-1,-1,-1
2019136660376,1,9,0,6,0,1,0,0,0,0,1,1,1,2,41,7,1598,2,8,2,1,2
2019136660376,2,1,0,18,4,1,0,0,0,0,3,1,6,1,28,6,-1,-1,-1,8,-1,8
2019136660499,1,9,0,18,0,0,0,0,2,0,1,1,6,1,28,6,1997,8,-1,2,1,2
2019136660499,2,9,0,18,0,0,0,0,0,0,2,1,6,2,55,8,1499,2,3,7,1,7
2019136660499,3,9,0,18,0,0,0,0,0,0,2,1,6,1,65,9,1998,2,12,3,1,3
2019136661010,1,9,0,18,0,0,0,4,0,0,1,1,6,2,57,9,1497,8,4,2,1,2
2019136661010,2,9,0,2,0,0,0,0,0,0,3,1,6,3,-1,-1,1968,2,7,-1,-1,-1
2019136661010,3,9,0,2,0,0,0,0,0,0,3,1,6,3,-1,-1,1896,2,11,-1,-1,-1
2019136661437,1,9,0,9,0,5,0,0,0,0,1,1,6,2,40,7,1984,2,11,3,1,3
2019136671287,1,8,0,18,0,8,0,0,3,11,1,1,6,1,88,11,-1,3,1,6,1,6
2019136671321,1,9,0,18,0,1,0,0,0,0,1,1,6,3,-1,-1,-1,-1,-1,-1,-1,-1
2019136671321,2,9,0,4,0,1,0,0,0,0,2,1,6,1,18,4,-1,-1,-1,1,1,1
2019136671615,1,9,0,18,0,0,1,0,1,0,1,1,6,2,23,5,1229,1,10,1,1,1
2019136681094,1,9,0,9,0,8,0,0,0,0,4,1,6,2,39,7,2993,2,10,1,1,1
2019136681094,2,9,0,18,0,8,0,0,0,0,1,1,6,1,21,5,1598,2,7,1,1,1
2019136690670,1,9,0,5,0,6,0,0,0,0,3,1,6,1,80,11,1590,1,15,3,1,3
2019136690670,2,1,0,18,0,1,0,0,0,0,1,1,6,1,41,7,-1,-1,-1,-1,-1,-1
2019136691236,1,9,0,18,0,8,0,0,0,0,1,1,6,3,-1,-1,3189,1,13,-1,-1,-1
2019136691236,2,9,0,18,0,8,0,0,0,0,3,1,6,1,46,8,2000,2,14,1,1,1
2019136691599,1,9,0,18,0,1,0,0,0,0,1,1,1,1,47,8,1968,2,6,3,1,3
20191366B1479,1,9,0,18,0,1,0,0,0,0,1,1,6,2,27,6,1461,2,13,1,1,1
20191366B1479,2,9,0,18,0,1,0,0,0,0,1,1,6,3,-1,-1,1598,2,2,-1,-1,-1
20191366B1575,1,9,0,18,0,0,1,7,0,0,4,1,6,2,47,8,1490,1,10,-1,-1,-1
20191366B1575,2,9,0,18,0,0,0,0,0,0,1,1,6,3,-1,-1,-1,-1,-1,-1,-1,-1
20191366C0242,1,9,0,8,0,1,0,4,0,0,4,1,1,2,39,7,1968,2,6,10,1,10
20191366C0242,2,9,0,3,0,1,0,0,0,0,1,1,1,2,56,9,1197,1,3,1,1,1
20191366C0242,3,9,0,2,0,2,0,0,0,0,2,1,6,3,-1,-1,1840,1,20,10,1,10
20191366C0713,1,9,0,7,0,8,0,0,0,0,4,1,6,3,-1,-1,-1,-1,-1,-1,-1,-1
20191366C1179,1,9,0,18,0,6,0,0,0,0,1,1,6,1,-1,-1,1332,1,20,3,1,3
20191366C1179,2,1,0,18,0,8,5,0,0,0,1,1,6,1,36,7,-1,-1,-1,1,1,1
20191366D1353,1,9,0,9,0,4,0,0,0,0,3,1,6,1,22,5,1198,1,9,-1,-1,-1
20191366D1353,2,9,0,18,0,1,0,0,0,0,1,1,6,2,22,5,1900,2,13,-1,-1,-1
20191366D1809,1,9,0,9,0,2,0,0,0,0,0,2,6,3,29,6,1395,1,1,1,1,1
20191366D1809,2,11,0,18,0,1,0,0,0,0,0,2,1,1,64,9,7300,2,6,9,1,9
20191366E0971,1,9,0,18,0,1,0,0,0,0,1,1,6,2,24,5,1598,1,9,7,1,7
20191366E0971,2,9,0,7,0,6,0,0,0,0,3,1,6,2,20,4,1242,1,10,-1,-1,-1
20191366F1162,1,9,0,18,0,0,0,0,0,0,1,1,6,1,29,6,1598,2,6,1,1,1
20191366F1162,2,9,0,3,0,0,0,0,0,0,2,1,6,1,44,7,2143,2,3,1,1,1
20191366F1162,3,9,0,3,0,0,0,0,0,0,2,1,6,1,44,7,1995,2,13,-1,-1,-1
20191366F1799,1,19,0,9,0,5,0,0,0,0,1,1,6,1,41,7,1598,2,3,8,1,8
20191366G0429,1,9,0,18,0,2,5,0,7,2,1,1,2,1,20,4,1368,1,14,9,3,9
20191366G1167,1,9,0,4,0,1,0,0,0,0,1,1,6,1,36,7,1595,1,1,1,1,1
20191366G1167,2,9,0,4,0,1,0,0,0,0,2,1,6,1,52,8,1598,2,6,1,1,1
20191366G1699,1,9,0,18,0,8,0,0,0,0,1,1,6,1,-1,-1,-1,-1,-1,-1,-1,-1
20191366G1699,2,9,0,7,0,5,0,0,0,0,2,1,6,2,31,6,1598,1,12,2,1,2
20191366H0553,1,19,0,18,0,1,1,0,0,0,1,1,6,1,40,7,1461,2,11,2,1,2
20191366H0553,2,9,0,4,0,2,0,0,0,0,2,1,1,1,37,7,1598,2,6,1,1,1
20191366H1573,1,9,0,18,0,0,1,0,0,0,1,1,6,3,-1,-1,1968,2,12,-1,-1,-1
20191366H1573,2,9,0,18,0,0,0,0,0,0,3,1,6,1,39,7,998,1,2,3,1,3
20191366H1644,1,9,0,18,0,1,0,0,0,0,1,1,6,2,21,5,1598,2,2,3,1,3
20191366H1644,2,9,0,9,0,7,0,0,0,0,3,1,6,1,22,5,2993,2,2,9,2,9
20191366H1856,1,9,0,4,0,0,0,0,0,0,1,1,6,3,-1,-1,1398,1,7,-1,-1,-1
20191366H1856,2,9,0,3,0,0,0,0,0,0,2,1,6,2,34,6,1242,8,-1,8,1,8
20191366I1463,1,9,0,4,0,8,0,0,0,0,1,1,6,2,26,6,1968,2,7,1,1,1
20191366I1463,2,9,0,3,0,8,0,0,0,0,2,1,6,2,38,7,1995,2,7,1,1,1
20191366J1024,1,9,0,7,0,4,0,0,0,0,4,1,6,1,41,7,1998,2,16,5,1,5
20191366J1024,2,9,0,18,0,4,0,0,0,0,1,1,1,1,49,8,2993,2,3,6,3,6
20191366J1784,1,9,0,18,0,0,0,0,0,0,1,1,6,2,39,7,1685,2,6,7,1,7
20191366J1784,2,9,0,2,0,0,0,0,0,0,3,1,6,2,47,8,1149,1,15,7,1,7
20191366J2150,1,9,0,12,0,1,0,0,0,0,1,1,6,1,20,4,1390,1,16,5,2,5
20191366K1178,1,9,0,2,0,0,0,0,0,0,1,1,6,1,40,7,2720,2,13,-1,-1,-1
20191366K1178,2,19,0,2,0,0,0,0,0,0,1,1,6,1,49,8,2287,2,7,-1,-1,-1
20191366L0782,1,9,0,18,0,0,0,0,0,0,4,1,6,1,53,8,1560,2,9,1,1,1
20191366L0945,1,19,0,4,0,0,0,0,0,0,0,1,1,1,56,9,1870,2,16,6,1,6
20191366L1023,1,19,0,9,0,8,0,0,0,0,1,1,6,1,51,8,2151,2,17,9,1,9
20191366L1023,2,8,0,18,0,8,0,0,0,0,4,1,1,1,29,6,2143,2,5,1,1,1
20191366L1283,1,9,0,18,0,0,0,0,0,0,3,1,6,1,48,8,1896,2,13,3,1,3
20191366L1283,2,21,1,1,0,0,0,0,0,0,1,1,6,1,41,7,11120,2,1,-1,-1,-1
20191366L1405,1,9,0,18,0,8,0,0,0,0,1,1,6,1,61,9,-1,-1,-1,3,1,3
20191366L1405,2,11,0,18,0,8,0,0,0,0,1,1,1,1,53,8,-1,-1,-1,2,1,2
20191366M1001,1,9,0,18,0,0,0,0,0,0,1,1,6,1,85,11,1332,1,-1,3,1,3
20191366M1340,1,1,0,18,0,8,0,0,0,0,1,1,6,1,44,7,-1,-1,-1,6,1,6
20191366M1340,2,9,0,18,0,4,0,0,0,0,3,1,6,2,81,11,1197,1,4,6,1,6
20191366M1400,1,9,0,18,0,0,0,0,0,0,3,1,1,1,39,7,1797,8,7,1,1,1
20191366N0605,1,9,0,18,0,0,0,0,0,0,2,1,6,1,66,10,1461,2,2,1,1,1
20191366N0605,2,9,0,18,0,0,0,0,0,0,1,1,6,2,34,6,-1,-1,-1,2,1,2
20191366O0099,1,9,0,18,0,0,0,4,0,0,1,1,6,1,49,8,1587,7,21,1,1,1
20191366O0099,2,9,0,2,0,0,0,4,0,0,1,1,6,3,-1,-1,1248,2,11,-1,-1,-1
20191366O0099,3,19,0,2,0,0,0,4,0,0,2,1,6,3,-1,-1,2143,2,7,-1,-1,-1
20191366O0885,1,9,0,18,0,8,0,0,0,0,3,1,6,2,69,10,1798,1,7,9,1,9
20191366O0885,2,9,0,4,0,1,0,0,0,0,1,1,2,1,38,7,799,2,7,5,1,5
20191366P0955,1,9,0,9,0,6,1,0,3,0,1,1,6,1,82,11,998,1,1,2,1,2
20191366P0955,2,9,0,18,0,8,1,0,7,0,1,1,1,1,35,6,2993,2,3,-1,-1,-1
20191366P1342,1,9,0,18,0,6,0,0,0,0,3,1,6,1,45,7,1398,1,16,1,1,1
20191366P1342,2,9,0,18,0,1,0,0,0,0,1,1,6,1,26,6,1968,2,13,-1,-1,-1
20191366P1484,1,8,0,18,0,4,0,0,0,0,1,1,1,1,59,9,1796,1,10,2,1,2
20191366P1484,2,9,0,3,0,4,0,0,0,0,2,1,2,1,34,6,1461,2,5,6,1,6
20191366P1484,3,9,0,3,0,4,0,0,0,0,2,1,6,1,44,7,-1,-1,-1,1,1,1
20191366Q1384,1,9,0,14,0,0,0,0,0,0,1,1,6,1,25,5,1968,2,9,1,1,1
20191366Q1384,2,9,0,6,0,0,0,0,0,0,3,1,6,2,24,5,1390,1,7,3,1,3
20191366Q1409,1,9,0,5,0,1,0,0,0,0,1,1,2,1,60,9,1461,2,5,9,2,9
20191366Q1409,2,1,0,3,0,1,0,0,0,0,2,1,2,1,60,9,-1,-1,-1,10,1,10
20191366Q1555,1,9,0,16,0,0,0,0,0,0,1,1,6,1,26,6,1240,1,14,1,1,1
20191366R0138,1,9,0,18,0,0,0,0,1,11,1,1,6,1,60,9,2179,2,6,4,1,4
20191366R1011,1,9,0,7,0,6,0,0,0,0,1,1,2,1,54,8,1798,1,15,7,1,7
20191366R1060,1,9,0,18,0,1,0,0,0,0,4,1,6,2,-1,-1,1242,1,7,8,1,8
20191366R1060,2,1,0,18,0,1,0,0,0,0,3,1,6,1,47,8,-1,-1,-1,5,1,5
20191366R1382,1,9,0,9,0,6,0,0,0,0,3,1,6,2,33,6,1461,2,3,8,1,8
20191366R1382,2,1,0,18,0,8,0,0,0,0,1,1,6,1,57,9,-1,-1,-1,9,2,9
20191366R1569,1,1,0,18,0,0,0,0,0,0,1,1,6,1,6,2,-1,-1,-1,5,1,5
20191366R1569,2,9,0,18,0,0,0,0,0,0,4,1,6,1,27,6,1388,1,15,7,1,7
20191366S0523,1,9,0,7,0,6,0,0,0,0,2,1,6,1,-1,-1,-1,-1,-1,-1,-1,-1
20191366S0523,2,9,0,18,0,8,0,0,0,0,1,1,6,1,22,5,1149,1,13,7,1,7
20191366S0694,1,9,0,18,0,0,0,0,0,0,4,1,6,2,48,8,1560,2,4,3,1,3
20191366S0754,1,19,0,1,0,2,0,0,0,0,2,1,1,1,32,6,1598,2,1,3,1,3
20191366S1199,1,9,0,18,0,8,0,0,0,0,3,1,6,1,79,11,1242,1,12,6,1,6
20191366S1248,1,9,0,4,0,6,0,0,0,0,1,1,2,2,26,6,1296,1,12,4,1,4
20191366S1248,2,9,0,18,0,1,0,0,0,0,1,1,2,2,56,9,998,1,7,8,1,8
20191366S1336,1,9,0,9,0,2,0,0,0,0,3,1,6,2,38,7,2179,2,12,7,1,7
20191366S1336,2,5,0,13,0,1,0,0,0,0,1,1,6,1,44,7,1050,1,-1,9,1,9
20191366S1375,1,9,0,18,0,0,0,0,0,0,1,1,6,1,28,6,-1,-1,-1,-1,-1,-1
20191366S1523,1,9,0,18,0,0,0,0,0,0,1,1,6,1,45,7,1197,1,1,-1,-1,-1
20191366T1728,1,9,0,18,0,1,0,0,0,0,1,1,6,1,-1,-1,1461,2,16,-1,-1,-1
20191366T2300,1,9,0,18,0,0,0,0,0,0,1,1,6,3,-1,-1,-1,-1,-1,-1,-1,-1
20191366U0475,1,5,0,18,0,8,0,0,1,10,1,1,6,1,45,7,599,1,20,1,1,1
20191366U1260,1,8,0,1,0,0,0,0,0,0,2,1,1,3,-1,-1,-1,-1,-1,-1,-1,-1
2019136710299,1,9,0,18,0,1,0,0,0,0,4,1,1,1,49,8,1598,1,12,9,2,9
2019136720426,1,9,0,1,0,8,1,0,0,0,2,1,6,2,85,11,998,1,2,4,1,4
2019136720426,2,9,0,18,0,8,0,0,0,0,3,1,2,1,51,8,2191,2,1,7,1,7
2019136721083,1,9,0,13,0,1,1,4,0,0,4,1,6,1,18,4,1896,2,13,1,1,1
2019136721083,2,9,0,9,0,5,0,0,0,0,3,1,6,1,31,6,1390,1,17,1,1,1
2019136721083,3,9,0,2,0,1,0,4,0,0,2,1,6,1,31,6,2993,2,9,-1,-1,-1
2019136721083,4,9,0,2,0,1,0,4,0,0,2,1,6,2,30,6,1797,8,6,-1,-1,-1
2019136721083,5,9,0,2,0,1,0,0,0,0,2,1,6,1,35,6,2720,2,13,-1,-1,-1
2019136721186,1,9,0,18,0,8,0,0,0,0,4,1,6,1,-1,-1,-1,-1,-1,-1,-1,-1
2019136722146,1,9,0,18,0,0,0,0,0,0,1,1,6,1,28,6,1395,1,3,2,1,2
2019136722146,2,9,0,18,0,0,0,0,0,0,1,1,6,1,48,8,1598,1,15,1,1,1
2019136731141,1,1,0,18,0,1,5,0,0,0,1,1,6,1,13,3,-1,-1,-1,2,1,2
2019136731141,2,9,0,3,0,1,0,0,0,0,4,1,6,2,44,7,1798,1,14,1,1,1
2019136741272,1,9,0,18,0,2,5,4,0,0,1,1,6,2,38,7,2231,2,12,3,1,3
2019136741272,2,9,0,2,0,2,0,0,0,0,2,1,6,3,-1,-1,1197,1,9,-1,-1,-1
2019136741352,1,3,0,18,0,8,5,0,0,0,1,1,2,1,27,6,123,1,3,1,1,1
2019136741352,2,9,0,9,0,8,0,0,0,0,3,1,6,2,55,8,1242,1,5,4,1,4
2019136741588,1,9,0,18,0,8,0,0,0,0,4,1,1,1,28,6,2497,2,6,5,1,5
2019136741588,2,9,0,9,0,8,0,0,0,0,1,1,6,3,-1,-1,1896,2,13,-1,-1,-1
2019136750836,1,9,0,9,0,1,0,0,0,0,4,1,6,1,36,7,1560,2,13,2,1,2
2019136750836,2,3,0,15,0,1,0,0,0,0,1,1,6,1,21,5,-1,-1,-1,-1,-1,-1
2019136751011,1,9,0,18,0,0,0,0,0,11,1,1,6,1,21,5,1242,1,12,8,1,8
2019136760572,1,9,0,9,0,2,0,0,0,0,1,1,6,1,18,4,1364,1,12,8,1,8
2019136760572,2,1,0,18,0,1,0,0,0,0,1,1,6,1,21,5,-1,-1,-1,7,1,7
2019136760928,1,9,0,7,0,1,0,0,0,0,4,1,6,1,50,8,1997,2,5,3,1,3
2019136760928,2,1,0,18,0,8,0,0,0,0,1,1,2,1,44,7,-1,-1,-1,-1,-1,-1
2019136761795,1,9,0,18,0,1,0,0,0,0,3,1,6,1,48,8,1995,2,14,5,1,5
2019136761795,2,9,0,7,0,6,0,0,0,0,1,1,6,2,31,6,1896,2,13,3,1,3
2019136761899,1,9,0,18,0,8,0,0,0,0,4,1,6,2,19,4,1400,2,12,1,1,1
2019136761899,2,9,0,18,0,8,1,10,8,11,3,1,6,2,30,6,1984,1,12,1,1,1
2019136771141,1,8,0,1,0,8,0,0,0,0,4,1,1,1,30,6,1968,2,9,6,1,6
2019136780284,1,90,0,18,0,8,0,0,0,0,4,1,1,2,24,5,2287,2,-1,8,1,8
2019136780284,2,9,0,18,0,8,0,0,0,0,1,1,2,2,63,9,1242,8,-1,5,1,5
2019136780691,1,9,0,9,0,8,0,0,0,0,4,1,6,1,51,8,1598,2,6,1,1,1
2019136780691,2,8,0,18,0,8,0,0,0,0,4,1,1,1,31,6,1798,8,1,1,1,1
2019136781221,1,9,0,7,9,6,0,0,1,10,4,1,6,1,79,11,1560,2,10,4,2,4
2019136781687,1,9,0,18,0,8,0,0,0,0,1,1,6,1,22,5,1796,1,11,-1,-1,-1
2019136781738,1,9,0,18,0,0,0,0,0,0,1,1,6,1,21,5,1560,2,7,1,1,1
2019136781866,1,9,0,18,0,0,0,0,0,0,1,1,6,1,25,5,1598,2,7,1,1,1
2019136781866,2,9,0,3,0,0,0,0,0,0,2,1,6,2,59,9,1086,1,12,6,1,6
2019136791086,1,8,0,18,0,0,0,0,0,0,1,1,1,1,48,8,1798,1,9,2,1,2
20191367A1066,1,9,0,9,0,8,0,0,0,0,1,1,6,1,47,8,1598,2,5,1,1,1
20191367A1066,2,9,0,18,0,8,0,0,0,0,1,1,6,2,39,7,1598,1,6,10,1,10
20191367A1239,1,1,0,5,0,0,0,0,0,0,3,1,6,1,7,2,-1,-1,-1,1,1,1
20191367A1239,2,21,0,18,0,0,0,0,0,0,4,1,1,1,72,10,12902,2,6,3,1,3
20191367A1456,1,4,0,18,0,8,0,0,0,0,1,1,6,1,20,4,-1,-1,-1,-1,-1,-1
20191367A1456,2,9,0,9,0,5,0,0,0,0,3,1,2,2,48,8,2143,12,4,8,1,8
20191367A2161,1,9,0,18,0,2,1,0,1,4,3,1,6,1,22,5,1248,2,12,1,1,1
20191367B1654,1,9,0,18,0,1,0,0,0,0,4,1,6,1,41,7,2143,2,2,3,1,3
20191367B1654,2,1,0,18,0,1,5,0,0,0,1,1,6,1,55,8,-1,-1,-1,9,2,9
20191367B1814,1,9,0,9,0,8,0,0,0,0,4,1,6,1,47,8,1596,1,15,7,1,7
20191367B1814,2,9,0,2,0,2,0,0,0,0,3,1,6,3,-1,-1,1968,2,5,-1,-1,-1
20191367C1391,1,9,0,18,0,8,0,0,0,0,1,1,6,1,-1,-1,-1,-1,-1,-1,-1,-1
20191367C1391,2,9,0,9,0,5,0,0,0,0,3,1,6,2,25,5,1499,1,3,5,1,5
20191367D0367,1,9,0,18,0,2,0,0,0,0,1,2,1,1,48,8,2993,2,2,1,1,1
20191367D0367,2,9,0,18,0,2,0,0,0,0,2,2,1,1,45,7,2993,2,2,1,1,1
20191367E0365,1,9,0,18,0,0,2,0,1,11,1,1,6,1,30,6,2184,2,19,7,2,7
20191367E0365,2,9,0,2,0,0,0,0,0,0,1,1,6,1,29,6,-1,-1,-1,1,1,1
20191367E0365,3,9,0,2,0,0,0,0,0,0,4,1,6,3,-1,-1,1398,1,4,1,1,1
20191367E0456,1,19,0,18,0,8,0,0,0,0,3,1,6,1,21,5,-1,-1,-1,2,1,2
20191367E0456,2,19,0,18,0,8,0,0,1,0,1,1,1,1,68,10,1598,2,8,2,1,2
20191367E0915,1,9,0,18,0,1,0,0,0,0,1,1,6,1,68,10,1364,1,2,1,1,1
20191367F0276,1,9,0,16,0,1,0,0,1,4,1,1,2,2,35,6,1499,1,1,7,1,7
20191367F0276,2,9,0,3,0,1,0,0,0,0,2,1,2,2,48,8,1598,1,13,2,1,2
20191367G0777,1,8,0,1,0,1,0,0,0,0,2,1,6,1,54,8,1968,2,3,4,1,4
20191367H1500,1,9,0,9,0,6,0,0,0,0,3,1,6,1,43,7,1598,2,5,8,1,8
20191367H1500,2,9,0,18,0,8,0,0,1,4,1,1,6,1,33,6,1968,2,-1,8,1,8
20191367I1571,1,9,0,7,0,5,0,0,0,0,1,1,6,1,-1,-1,1984,1,2,-1,-1,-1
20191367I1571,2,9,0,3,0,6,0,0,0,0,1,1,6,1,30,6,1995,2,2,-1,-1,-1
20191367J1797,1,9,0,18,0,0,0,0,0,0,1,1,6,1,21,5,1299,1,15,1,1,1
20191367K0938,1,9,0,18,0,0,0,0,0,0,1,1,6,2,79,11,1560,2,11,10,1,10
20191367K1310,1,9,0,9,0,6,0,0,3,0,1,1,6,1,18,4,1582,2,11,1,1,1
20191367K1310,2,9,0,18,0,8,0,0,0,0,4,1,6,2,27,6,1598,2,5,5,1,5
20191367L0347,1,9,0,18,0,0,1,0,7,4,1,1,6,1,21,5,1242,1,11,1,1,1
20191367L0846,1,9,0,18,0,8,0,0,0,0,3,1,6,1,38,7,1461,2,8,-1,-1,-1
20191367L0846,2,9,0,18,0,8,0,0,0,0,1,1,6,1,52,8,998,1,3,-1,-1,-1
20191367M1656,1,9,0,18,0,0,0,0,0,11,4,1,6,2,56,9,2179,2,4,5,1,5
20191367N0378,1,9,0,18,0,8,0,0,0,0,1,1,6,1,20,4,1968,2,2,1,1,1
20191367N0378,2,9,0,9,0,2,0,0,0,0,3,1,2,2,25,5,998,1,2,6,1,6
20191367N0503,1,9,0,18,0,0,0,0,0,0,4,1,6,2,85,11,998,1,4,6,1,6
20191367N0503,2,9,0,2,0,0,0,0,0,0,4,1,6,2,28,6,1997,2,8,6,1,6
20191367N0778,1,9,0,11,2,0,0,0,0,0,2,1,6,1,28,6,1998,1,15,-1,-1,-1
20191367N0778,2,11,0,18,2,0,0,0,0,0,1,1,1,1,19,4,5132,2,4,7,1,7
20191367N1558,1,9,0,4,0,4,0,0,0,0,1,1,6,3,-1,-1,-1,-1,-1,-1,-1,-1
20191367N1558,2,9,0,5,0,4,0,0,0,0,2,1,6,2,61,9,2231,2,6,4,2,4
20191367N1716,1,9,0,18,0,0,0,0,0,0,3,1,6,1,47,8,1956,2,8,4,1,4
20191367O0333,1,9,0,18,0,8,0,0,0,0,3,1,2,1,39,7,1686,2,6,1,1,1
20191367O0333,2,1,0,18,0,8,5,0,0,0,1,1,2,1,55,8,-1,-1,-1,1,1,1
20191367O1321,1,9,0,18,0,8,0,0,0,0,2,1,6,1,30,6,1560,2,7,-1,-1,-1
20191367O1321,2,9,0,9,0,1,0,0,0,0,1,1,6,1,40,7,1229,1,4,-1,-1,-1
20191367O2047,1,9,0,1,0,8,0,4,0,0,4,1,6,2,33,6,1248,2,9,1,1,1
20191367O2047,2,9,0,2,0,1,0,0,0,0,2,1,6,1,46,8,1560,2,6,3,1,3
20191367O2159,1,9,0,9,0,8,0,0,0,0,4,1,6,1,17,4,1598,2,-1,1,1,1
20191367O2159,2,9,0,18,0,8,0,0,0,0,1,1,2,2,26,6,1329,1,9,4,1,4
20191367P0549,1,9,0,18,0,0,0,0,0,0,1,1,1,1,34,6,-1,-1,-1,10,1,10
20191367P1186,1,9,0,5,0,0,0,0,0,0,1,1,6,2,30,6,1595,1,10,2,1,2
20191367P1186,2,9,0,2,0,0,0,0,0,0,0,1,6,3,-1,-1,1598,2,5,-1,-1,-1
20191367P2174,1,9,0,10,0,8,0,0,0,0,2,1,6,1,35,6,2183,2,7,-1,-1,-1
20191367P2174,2,9,0,18,0,1,0,0,0,0,1,1,6,2,40,7,1598,1,13,-1,-1,-1
20191367Q0337,1,1,0,17,0,1,0,0,1,11,4,1,6,1,34,6,-1,-1,-1,6,1,6
20191367Q0400,1,5,0,18,0,8,0,0,0,0,1,1,6,1,31,6,1300,1,10,4,1,4
20191367Q0400,2,9,0,9,0,8,0,0,0,0,3,1,6,1,48,8,1900,2,14,3,1,3
20191367Q1009,1,1,0,7,0,2,0,0,0,0,1,1,6,2,6,2,-1,-1,-1,1,1,1
20191367Q1009,2,19,0,7,0,2,0,0,0,0,4,1,1,1,65,9,2198,2,5,8,1,8
20191367Q1766,1,9,0,18,0,0,0,0,0,0,1,1,6,2,21,5,1598,2,8,1,1,1
20191367R0938,1,9,0,9,0,5,0,0,0,0,1,1,6,1,31,6,1596,1,16,1,1,1
20191367R0938,2,9,0,18,0,8,0,0,0,0,3,1,6,1,63,9,1398,1,6,7,2,7
20191367S1136,1,9,0,18,0,1,0,0,0,0,1,1,6,1,20,4,2967,2,8,5,1,5
20191367S1136,2,9,0,4,0,1,0,0,0,0,2,1,6,1,53,8,1794,1,12,1,1,1
20191367T0051,1,9,0,4,0,0,1,0,0,0,1,1,6,2,38,7,1200,1,5,3,1,3
20191367T0051,2,9,0,3,0,0,0,0,0,0,2,1,6,1,27,6,1968,2,7,1,1,1
20191367T0609,1,9,0,18,0,8,0,0,0,0,3,1,6,1,76,11,1794,1,16,4,1,4
20191367T0609,2,9,0,18,0,8,0,0,0,0,1,1,6,2,54,8,1598,1,7,4,1,4
20191367T1362,1,9,0,18,0,0,0,0,0,0,1,1,6,3,-1,-1,-1,-1,-1,-1,-1,-1
20191367U0052,1,9,0,7,0,5,0,0,3,0,1,1,6,1,40,7,1461,2,2,-1,-1,-1
20191367U0052,2,9,0,18,0,6,0,0,0,0,0,1,1,1,39,7,2993,2,-1,-1,-1,-1
20191367U1379,1,9,0,7,0,1,0,0,0,0,0,1,6,1,-1,-1,-1,-1,-1,-1,-1,-1
20191367U1379,2,3,0,18,0,8,1,0,0,0,0,1,1,1,22,5,124,1,3,6,1,6
20191367V1486,1,9,0,1,0,0,0,0,0,0,2,1,6,2,45,7,1598,1,12,1,1,1
2019136820377,1,9,0,9,0,8,0,0,0,0,1,1,2,1,61,9,1598,2,3,5,1,5
2019136820377,2,9,0,18,0,8,0,0,0,0,1,1,6,2,21,5,1497,8,5,1,1,1
2019136821210,1,9,0,18,0,0,0,0,0,0,1,1,6,1,-1,-1,1997,2,11,-1,-1,-1
2019136821210,2,8,0,18,0,0,0,0,0,0,2,1,6,1,-1,-1,1598,2,7,-1,-1,-1
2019136821411,1,9,0,9,0,8,0,0,0,0,1,1,6,2,37,7,1598,1,7,5,1,5
2019136821411,2,9,0,18,0,8,0,0,0,0,1,1,6,2,39,7,1461,2,8,4,1,4
2019136821932,1,9,0,18,0,8,0,0,0,0,2,1,6,1,35,6,1598,2,7,2,1,2
2019136821932,2,9,0,18,0,8,0,0,0,0,1,1,6,1,-1,-1,1995,2,9,-1,-1,-1
2019136830919,1,9,0,4,0,0,0,0,0,0,1,1,6,1,31,6,1984,1,5,1,1,1
2019136840522,1,9,0,9,0,1,0,0,0,0,1,1,6,2,39,7,1197,1,8,6,1,6
2019136840522,2,9,0,18,0,8,0,0,0,0,4,1,6,1,56,9,2198,2,13,1,1,1
2019136850158,1,9,0,9,0,2,0,0,0,0,1,1,6,1,18,4,998,1,13,2,1,2
2019136850158,2,9,0,9,0,8,0,0,0,0,1,1,6,2,18,4,1598,2,4,1,1,1
2019136850158,3,9,0,10,0,1,0,0,0,0,1,1,6,1,42,7,1598,2,7,1,1,1
2019136851225,1,9,0,9,0,8,0,0,0,0,3,1,6,1,-1,-1,-1,-1,-1,-1,-1,-1
2019136851225,2,19,0,18,0,8,0,0,0,0,1,1,1,1,40,7,1956,2,2,1,1,1
2019136860220,1,9,0,1,9,2,0,0,0,0,2,1,6,3,-1,-1,1984,1,1,-1,-1,-1
2019136860220,2,9,0,4,9,2,0,0,0,0,1,1,1,1,40,7,2993,2,1,1,1,1
2019136860499,1,9,0,18,0,8,0,0,0,0,4,1,6,2,-1,-1,1968,2,9,2,1,2
2019136860499,2,9,0,18,0,8,0,0,0,0,3,1,6,2,25,5,1598,2,3,1,1,1
2019136870451,1,9,0,18,0,0,0,0,0,0,1,1,6,1,33,6,1598,2,3,9,1,9
2019136870587,1,9,0,9,0,8,0,0,0,0,4,1,6,1,74,10,1364,1,9,6,1,6
2019136870587,2,1,0,18,0,8,5,0,0,0,1,1,6,2,19,4,-1,-1,-1,1,1,1
2019136871364,1,9,0,18,0,8,0,0,0,0,4,1,2,1,67,10,1999,1,12,2,1,2
2019136871364,2,9,0,18,0,8,0,0,0,0,1,1,2,2,24,5,1242,1,5,9,2,9
2019136880745,1,21,0,1,0,0,0,0,0,0,3,1,6,1,30,6,-1,-1,-1,8,1,8
2019136882035,1,9,0,16,0,1,0,0,3,11,1,1,6,2,18,4,1242,1,7,5,1,5
2019136891006,1,9,0,10,0,6,0,0,0,0,1,1,6,1,38,7,1560,2,5,8,1,8
2019136891006,2,22,0,18,0,8,5,0,0,0,4,1,6,1,75,10,-1,-1,-1,6,1,6
2019136891207,1,19,0,18,0,0,0,0,0,0,1,1,6,3,-1,-1,1870,2,14,-1,-1,-1
2019136891207,2,9,0,18,0,0,0,0,0,0,2,1,6,1,53,8,1956,2,3,8,1,8
2019136891207,3,9,0,18,0,0,0,0,0,0,2,1,6,2,45,7,1248,2,12,3,1,3
2019136891752,1,9,0,5,0,0,0,0,0,0,1,1,6,3,-1,-1,-1,-1,-1,-1,-1,-1
2019136891752,2,9,0,18,0,0,0,0,0,0,4,1,6,2,20,4,-1,-1,-1,2,1,2
2019136891965,1,9,0,5,0,1,0,0,0,0,2,1,6,2,46,8,-1,-1,-1,2,1,2
2019136891965,2,9,0,5,0,1,0,0,0,0,1,1,6,1,-1,-1,1968,2,4,1,1,1
20191368A1022,1,9,0,18,0,8,0,0,0,0,1,1,6,1,22,5,1968,2,13,-1,-1,-1
20191368A1022,2,9,0,18,0,8,0,0,0,0,3,1,6,2,20,4,1248,2,9,-1,-1,-1
20191368A1088,1,8,0,18,0,8,0,0,0,0,1,1,1,1,40,7,1598,2,7,1,1,1
20191368A1088,2,9,0,3,0,8,0,0,0,0,4,1,6,2,33,6,1240,1,14,1,1,1
20191368A1809,1,9,0,9,0,5,0,0,0,0,1,1,6,2,25,5,1600,2,10,3,1,3
20191368C1167,1,9,0,18,0,1,0,11,7,1,1,1,6,1,19,4,1798,1,6,-1,-1,-1
20191368C1167,2,9,0,9,0,1,0,0,0,0,3,1,2,2,40,7,1560,2,6,7,1,7
20191368C1635,1,9,0,18,0,0,0,0,0,0,3,1,6,1,22,5,1248,2,12,2,2,2
20191368D0203,1,9,0,16,0,0,0,0,0,0,1,1,1,1,24,5,2477,2,14,6,3,6
20191368D0203,2,19,0,17,0,0,0,0,0,0,1,1,1,1,33,6,1995,2,1,2,1,2
20191368D1093,1,11,0,2,0,0,0,0,0,0,4,1,1,1,61,9,6690,2,2,2,1,2
20191368D1406,1,19,0,9,0,8,0,0,0,0,4,1,6,1,28,6,1598,2,8,6,1,6
20191368D1406,2,9,0,18,0,1,0,0,0,0,1,1,6,1,18,4,1596,1,5,2,1,2
20191368E0938,1,11,0,17,0,0,0,0,0,0,4,1,1,1,47,8,9360,2,11,1,1,1
20191368G0084,1,9,0,18,0,0,0,0,0,0,1,1,6,2,36,7,998,1,14,1,1,1
20191368G0084,2,9,0,18,0,0,0,0,0,0,2,1,6,1,51,8,1796,1,4,1,1,1
20191368G1405,1,9,0,18,0,2,0,0,0,0,1,1,6,1,21,5,1364,1,12,5,1,5
20191368G1689,1,9,0,18,0,8,0,0,0,0,1,1,6,3,-1,-1,2204,2,12,-1,-1,-1
20191368G1689,2,9,0,18,0,8,0,0,7,1,4,1,6,1,36,7,1499,2,3,3,1,3
20191368H0066,1,9,0,5,0,6,0,0,0,0,0,1,6,1,28,6,1390,1,12,-1,-1,-1
20191368H0066,2,9,0,18,0,8,0,0,0,1,4,1,6,1,28,6,2967,2,4,-1,-1,-1
20191368H0187,1,9,0,18,0,0,0,0,0,0,4,1,6,1,49,8,1900,2,13,3,1,3
20191368H0490,1,9,0,18,0,0,0,0,0,0,3,1,6,1,50,8,1298,1,22,-1,-1,-1
20191368H0490,2,9,0,18,0,0,0,0,0,0,4,1,6,1,64,9,1598,1,6,-1,-1,-1
20191368H2047,1,9,0,14,0,1,0,0,0,0,1,1,6,1,39,7,1596,1,11,1,1,1
20191368I0490,1,3,0,17,0,0,1,0,1,10,1,1,6,1,20,4,124,1,3,2,1,2
20191368I0878,1,1,0,18,0,0,0,4,0,0,2,1,6,1,20,4,-1,-1,-1,4,1,4
20191368I0878,2,9,0,18,0,0,0,0,0,0,1,1,6,3,-1,-1,-1,-1,-1,-1,-1,-1
20191368I0878,3,9,0,2,0,0,0,0,0,0,3,1,6,1,-1,-1,1999,2,2,4,1,4
20191368I0878,4,9,0,2,0,0,0,0,0,0,3,1,6,2,-1,-1,998,1,6,2,1,2
20191368J0534,1,9,0,11,0,1,0,0,0,0,4,1,6,3,-1,-1,1956,2,3,-1,-1,-1
20191368J0534,2,9,0,18,0,1,0,0,0,0,3,1,6,1,35,6,998,1,1,3,1,3
20191368J0823,1,9,0,1,0,8,0,0,0,0,2,1,6,1,44,7,1597,2,2,8,1,8
20191368J0951,1,9,0,18,0,1,0,0,0,0,1,1,6,2,45,7,1986,2,13,3,1,3
20191368J0951,2,9,0,3,0,1,0,0,0,0,2,1,6,1,45,7,1968,2,7,1,1,1
20191368J0951,3,9,0,3,0,1,0,0,0,0,2,1,6,1,76,11,1364,1,12,1,1,1
20191368J1266,1,9,0,9,0,6,0,0,0,0,1,1,6,2,63,9,1388,1,16,1,1,1
20191368J1266,2,3,0,18,0,1,0,0,0,0,1,1,6,1,25,5,124,1,7,4,1,4
20191368J2091,1,9,0,18,0,8,0,0,0,0,1,1,6,1,16,4,-1,-1,-1,2,1,2
20191368J2091,2,9,0,6,0,8,0,0,0,0,3,1,6,1,-1,-1,2979,1,3,-1,-1,-1
20191368K1249,1,9,0,18,0,0,0,0,0,0,1,1,6,2,38,7,1248,1,1,8,1,8
20191368K1615,1,9,0,18,0,0,0,0,2,4,1,1,6,1,45,7,-1,-1,-1,-1,-1,-1
20191368M0542,1,9,0,18,0,0,0,0,0,0,1,1,6,1,36,7,1596,1,13,1,1,1
20191368M0542,2,19,0,18,0,0,0,0,0,0,2,1,1,1,58,9,-1,-1,-1,1,1,1
20191368M1167,1,9,0,18,0,0,1,0,0,0,1,1,2,2,20,4,1229,1,10,3,1,3
20191368M1167,2,9,0,18,0,0,0,0,0,0,1,1,6,2,80,11,2393,1,16,10,1,10
20191368N1136,1,9,0,5,0,8,0,0,0,0,1,1,6,2,40,7,2143,2,3,5,2,5
20191368N1136,2,1,0,18,0,8,0,0,0,0,1,1,6,1,43,7,-1,-1,-1,9,2,9
20191368N1200,1,9,0,18,0,0,0,0,0,0,1,1,6,1,29,6,1461,2,9,2,1,2
20191368N1435,1,9,0,5,0,2,0,0,0,0,0,1,6,1,55,8,4164,2,24,6,1,6
20191368N1435,2,4,0,18,0,1,0,0,0,0,0,1,6,1,23,5,124,1,13,1,1,1
20191368O1069,1,3,0,5,0,0,0,0,0,0,4,1,6,3,-1,-1,-1,-1,-1,-1,-1,-1
20191368O1276,1,9,0,17,0,0,2,0,1,4,3,1,6,1,17,4,1984,1,2,-1,-1,-1
20191368P0311,1,9,0,5,0,6,1,0,0,0,3,1,6,2,23,5,1363,2,15,1,1,1
20191368P0311,2,9,0,18,0,8,0,0,0,0,1,1,1,1,37,7,1798,8,6,4,1,4
20191368P0583,1,9,0,9,0,8,0,0,0,0,1,1,6,1,53,8,-1,-1,-1,5,2,5
20191368P0583,2,9,0,18,0,8,0,0,0,0,1,1,6,2,80,11,1595,1,1,5,1,5
20191368Q1798,1,9,0,18,0,0,0,0,0,0,3,1,6,1,30,6,1248,2,12,1,1,1
20191368Q1798,2,1,0,18,0,0,0,0,0,0,4,1,6,1,3,1,-1,-1,-1,2,1,2
20191368R0394,1,9,0,18,0,8,0,0,0,0,1,1,6,2,76,11,998,1,2,8,1,8
20191368R0394,2,9,0,3,0,8,0,0,0,0,2,1,6,1,61,9,1360,1,7,5,1,5
20191368R1583,1,9,0,18,0,3,0,0,0,0,4,1,6,1,29,6,-1,-1,-1,-1,-1,-1
20191368R1583,2,9,0,18,0,3,0,0,0,0,3,1,1,2,41,7,1296,1,12,3,1,3
20191368R1699,1,9,0,18,0,0,0,0,0,0,1,1,6,1,35,6,1598,1,8,8,1,8
20191368R1699,2,9,0,4,0,0,0,0,0,0,2,1,6,1,21,5,1598,2,8,-1,-1,-1
20191368R1775,1,9,0,18,0,0,0,0,0,0,4,1,6,1,43,7,1242,1,16,1,1,1
20191368S0358,1,9,0,15,0,0,0,0,0,0,4,1,6,1,37,7,1197,1,3,-1,-1,-1
20191368S0358,2,1,0,18,0,0,0,0,0,0,3,1,6,1,30,6,-1,-1,-1,-1,-1,-1
20191368T0296,1,9,0,9,0,8,0,0,0,0,1,1,1,1,59,9,1984,2,6,-1,-1,-1
20191368T0296,2,1,0,18,0,8,0,0,0,0,3,1,1,1,50,8,-1,-1,-1,7,3,7
20191368T0326,1,9,0,18,0,1,0,0,0,0,4,1,1,1,69,10,-1,-1,-1,2,1,2
20191368T0326,2,9,0,9,0,1,0,0,0,0,1,1,6,1,31,6,1560,2,8,1,1,1
20191368T0482,1,21,0,18,0,0,0,0,0,0,2,1,6,3,-1,-1,-1,-1,-1,-1,-1,-1
20191368T0482,2,1,0,18,0,0,0,0,0,0,3,1,6,1,28,6,-1,-1,-1,1,1,1
20191368T1544,1,9,0,12,0,0,0,0,0,0,0,1,6,3,-1,-1,-1,-1,-1,-1,-1,-1
20191368T1544,2,11,0,18,0,0,0,0,0,0,0,1,1,1,36,7,6692,2,7,3,1,3
20191368U0339,1,9,0,18,0,0,0,0,0,11,1,1,6,1,27,6,1968,2,11,1,1,1
20191368U1291,1,21,1,18,0,8,0,0,0,0,3,2,1,1,44,7,-1,-1,-1,-1,-1,-1
20191368U1291,2,9,0,18,0,8,0,0,0,0,4,1,2,2,49,8,998,1,1,10,1,10
20191368V0727,1,9,0,9,0,5,0,0,0,0,1,1,6,1,34,6,1968,2,6,4,1,4
20191368V0727,2,9,0,18,0,8,0,0,0,0,1,1,6,1,25,5,2979,1,5,1,1,1
20191368V1639,1,9,0,18,0,0,0,0,0,0,4,1,6,1,28,6,1896,2,15,1,1,1
2019136910680,1,9,0,9,0,8,0,0,0,0,3,1,6,2,26,6,1229,1,5,1,1,1
2019136910680,2,9,0,18,0,8,0,0,0,0,1,1,6,1,35,6,1997,2,7,8,1,8
2019136911164,1,9,0,18,0,1,0,0,0,0,2,1,6,1,45,7,1390,1,17,7,1,7
2019136911164,2,9,0,18,0,1,0,0,0,0,1,1,6,3,-1,-1,-1,-1,-1,-1,-1,-1
2019136911164,3,9,0,18,0,1,0,0,0,0,2,1,6,2,42,7,-1,-1,-1,1,1,1
2019136920343,1,9,0,4,0,0,0,0,0,0,1,1,6,2,50,8,2982,2,4,-1,-1,-1
2019136920343,2,9,0,4,0,0,0,0,0,0,2,1,6,1,42,7,-1,-1,-1,1,1,1
2019136940772,1,9,0,13,0,8,0,0,0,0,1,1,6,2,19,4,1598,2,1,4,1,4
2019136940772,2,9,0,9,0,8,0,0,0,0,3,1,6,1,24,5,2179,2,4,7,2,7
2019136941225,1,3,0,18,0,0,1,0,0,0,3,1,2,1,32,6,125,1,15,1,1,1
2019136951157,1,9,0,9,0,8,0,0,0,0,4,1,6,2,47,8,1896,2,12,1,1,1
2019136951157,2,9,0,18,0,8,0,0,0,0,1,1,1,1,53,8,-1,-1,-1,5,1,5
2019136951234,1,9,0,18,0,0,0,0,0,0,2,1,6,3,-1,-1,-1,-1,-1,-1,-1,-1
2019136951234,2,9,0,18,0,0,0,0,0,0,1,1,6,1,56,9,1896,2,16,1,1,1
2019136960537,1,9,0,9,0,1,0,0,0,0,1,1,6,1,-1,-1,-1,-1,-1,-1,-1,-1
2019136960537,2,9,0,9,0,1,0,0,0,0,3,1,6,1,26,6,1398,1,-1,6,-1,6
2019136970432,1,9,0,18,0,8,0,0,0,0,1,1,1,1,24,5,2998,1,-1,-1,-1,-1
2019136971380,1,9,0,18,0,3,0,0,0,0,1,1,2,2,39,7,1686,2,4,5,1,5
2019136972196,1,9,0,6,0,0,0,0,0,0,2,1,6,2,24,5,998,1,7,7,1,7
2019136972196,2,9,0,18,0,0,0,0,0,0,1,1,6,1,19,4,-1,-1,-1,1,1,1
2019136981224,1,9,0,1,0,0,0,0,0,0,2,1,6,1,29,6,1595,1,12,3,1,3
2019136981767,1,9,0,18,0,1,0,0,0,0,1,1,6,1,26,6,3982,1,4,1,1,1
2019136981767,2,9,0,9,0,8,0,0,0,0,3,1,6,2,21,5,1596,1,12,3,1,3
2019136991810,1,9,0,18,0,8,0,0,0,0,1,1,6,1,25,5,1968,2,11,4,1,4
2019136991810,2,9,0,9,0,1,0,0,0,0,3,1,6,1,54,8,1398,1,8,4,1,4
2019136991810,3,9,0,9,0,1,0,0,0,0,0,1,6,2,33,6,1598,2,8,7,1,7
2019136991810,4,9,0,2,0,1,0,0,0,0,2,1,6,3,-1,-1,1560,2,4,-1,-1,-1
20191369A0248,1,8,0,18,0,2,0,0,0,0,4,1,1,1,39,7,1685,2,8,1,1,1
20191369A0741,1,9,0,18,0,0,0,0,0,0,4,1,6,2,-1,-1,1248,1,4,4,1,4
20191369A2002,1,9,0,18,0,0,1,0,1,10,3,1,6,1,19,4,1390,1,18,-1,-1,-1
20191369A2002,2,10,0,18,0,0,0,0,0,0,2,1,6,1,48,8,-1,-1,-1,7,1,7
20191369A2002,3,19,0,18,0,0,0,0,0,0,2,1,6,1,59,9,2198,2,6,1,1,1
20191369B1565,1,9,0,5,0,0,0,0,0,0,1,1,6,1,28,6,1796,1,13,2,1,2
20191369C0643,1,9,0,18,0,0,0,0,0,0,4,1,6,2,-1,-1,-1,-1,-1,-1,-1,-1
20191369C0643,2,19,0,2,9,0,0,0,0,0,0,1,6,1,19,4,2402,2,11,3,1,3
20191369C0817,1,1,0,18,0,8,0,4,0,0,1,1,2,1,44,7,-1,-1,-1,10,2,10
20191369C0817,2,9,0,2,0,8,0,0,0,0,2,1,6,1,81,11,1995,2,5,4,1,4
20191369C1713,1,9,0,9,0,8,0,0,0,0,4,1,6,2,39,7,2149,2,12,-1,-1,-1
20191369C1713,2,9,0,18,0,8,0,0,0,0,1,1,6,1,31,6,1900,2,15,1,1,1
20191369C1863,1,9,0,18,0,0,0,0,0,0,1,1,6,3,-1,-1,-1,-1,-1,-1,-1,-1
20191369C1863,2,9,0,18,0,0,0,0,0,0,2,1,6,1,32,6,1299,1,14,1,1,1
20191369C2015,1,9,0,9,0,8,0,0,0,0,1,1,6,2,26,6,1248,2,8,1,1,1
20191369C2015,2,9,0,18,0,8,0,0,0,0,1,1,6,2,70,10,999,1,6,3,1,3
20191369D0707,1,9,0,18,0,0,0,0,0,0,1,1,6,1,20,4,1968,2,5,-1,-1,-1
20191369D1782,1,9,0,18,0,0,0,0,0,0,1,1,6,2,23,5,1248,1,9,3,1,3
20191369E1038,1,9,0,9,0,8,0,0,0,0,1,1,6,2,34,6,1968,2,13,4,1,4
20191369E1038,2,9,0,18,0,1,0,0,0,0,1,1,6,1,46,8,1871,2,15,1,1,1
20191369E1326,1,9,0,4,0,1,0,0,0,0,1,1,6,1,42,7,1900,2,13,1,1,1
20191369E1326,2,9,0,4,0,1,0,0,0,0,2,1,6,1,21,5,1598,1,13,3,1,3
20191369F0963,1,9,0,18,0,8,2,0,7,11,1,1,6,1,19,4,1229,1,12,1,1,1
20191369F0963,2,9,0,18,0,8,1,0,0,0,3,1,6,1,47,8,1956,2,5,8,1,8
20191369F1165,1,9,0,18,0,1,0,0,0,0,4,1,6,2,27,6,1598,2,7,1,1,1
20191369F1165,2,9,0,18,0,1,0,0,0,0,3,1,6,2,42,7,1398,1,16,4,1,4
20191369G0873,1,8,0,18,0,8,0,0,0,0,1,1,1,1,40,7,1560,2,8,2,1,2
20191369G0873,2,9,0,3,0,8,0,0,0,0,2,1,6,2,49,8,1995,2,6,10,1,10
20191369H0283,1,9,0,18,0,8,0,0,3,1,1,1,6,3,-1,-1,1598,2,6,-1,-1,-1
20191369H0283,2,9,0,9,0,8,0,0,0,0,4,1,6,2,40,7,1598,2,9,6,1,6
20191369H0874,1,9,0,18,0,8,0,0,0,0,4,1,6,1,36,7,1995,2,11,-1,-1,-1
20191369H0874,2,9,0,5,0,8,0,0,0,0,1,1,6,1,34,6,1995,2,9,-1,-1,-1
20191369H1108,1,8,0,18,0,0,0,0,0,0,1,1,1,1,45,7,1797,8,10,1,1,1
20191369H1652,1,8,0,9,0,8,0,0,0,0,1,1,1,1,25,5,1797,8,4,1,1,1
20191369H1817,1,9,0,1,0,0,0,0,0,0,2,1,6,1,-1,-1,1229,1,12,-1,-1,-1
20191369H1817,2,9,0,3,0,0,0,0,0,0,1,1,6,2,39,7,2179,2,11,8,3,8
20191369H2103,1,9,0,18,0,1,0,0,0,0,0,1,6,1,26,6,1968,2,11,1,1,1
20191369H2103,2,9,0,10,0,1,0,0,0,0,0,1,6,2,42,7,1600,2,9,-1,-1,-1
20191369I0234,1,9,0,18,0,8,0,0,0,0,1,1,6,1,27,6,2000,2,14,1,1,1
20191369I0234,2,9,0,18,0,8,0,0,0,0,1,1,6,2,58,9,1498,1,-1,5,1,5
20191369I0298,1,9,0,9,0,6,0,0,0,0,3,1,6,1,35,6,1560,2,6,3,1,3
20191369I0298,2,1,0,18,0,1,0,0,0,0,1,1,6,1,48,8,-1,-1,-1,6,2,6
20191369I0701,1,9,0,7,0,1,0,0,0,0,4,1,6,1,50,8,1998,1,5,2,1,2
20191369I1464,1,9,0,12,0,0,0,0,0,0,3,1,1,1,68,10,1968,2,14,2,1,2
20191369I1464,2,9,0,18,0,0,0,0,0,0,4,1,6,2,23,5,1598,2,9,4,3,4
20191369I1687,1,9,0,18,0,1,0,0,0,0,4,1,6,2,66,10,1339,8,12,2,1,2
20191369J0760,1,9,0,2,0,0,0,0,0,0,3,1,6,1,-1,-1,1560,2,9,-1,-1,-1
20191369J0760,2,1,0,18,0,0,5,0,0,0,1,1,6,1,43,7,-1,-1,-1,1,1,1
20191369K0314,1,9,0,9,0,6,0,0,0,0,3,1,6,1,41,7,2993,2,12,1,1,1
20191369K0314,2,1,0,18,0,8,5,0,0,0,1,1,6,1,38,7,-1,-1,-1,7,1,7
20191369K0364,1,9,0,18,0,1,0,0,0,0,2,1,2,1,32,6,-1,3,-1,8,1,8
20191369K0364,2,21,1,18,0,1,0,0,0,0,1,2,1,1,-1,-1,-1,-1,-1,-1,-1,-1
20191369K1604,1,9,0,18,0,0,5,7,0,0,1,1,6,1,32,6,998,1,17,1,1,1
20191369K1799,1,9,0,9,0,5,0,0,0,0,1,1,6,1,41,7,3824,1,13,2,1,2
20191369K1799,2,1,0,18,0,8,0,0,0,0,3,1,6,2,55,8,-1,-1,-1,1,1,1
20191369M0515,1,9,0,18,0,0,0,0,0,0,0,1,6,1,-1,-1,-1,-1,-1,-1,-1,-1
20191369M0515,2,9,0,6,0,0,0,0,0,0,0,1,6,1,49,8,1797,8,4,3,1,3
20191369M1864,1,9,0,18,0,1,0,11,0,1,1,1,6,2,23,5,1560,2,8,1,1,1
20191369M1864,2,9,0,9,0,1,0,0,0,0,2,1,6,2,22,5,1598,1,15,1,1,1
20191369N0003,1,9,0,18,0,8,0,0,1,7,1,1,6,1,39,7,2198,1,12,1,1,1
20191369N0003,2,9,0,18,0,8,0,0,0,0,3,1,1,1,62,9,1686,2,5,3,1,3
20191369O1206,1,9,0,9,0,0,0,0,1,4,1,1,6,1,34,6,1798,1,2,7,1,7
20191369O1217,1,9,0,18,0,0,0,0,0,0,3,1,6,1,-1,-1,2993,2,15,-1,-1,-1
20191369O1217,2,9,0,18,0,0,0,0,0,0,4,1,6,1,30,6,1598,2,-1,6,1,6
20191369O1218,1,9,0,18,0,8,0,0,0,0,1,1,6,1,35,6,1798,8,2,-1,-1,-1
20191369O1218,2,9,0,9,0,8,0,0,0,0,1,1,6,2,56,9,1242,1,10,-1,-1,-1
20191369O1703,1,9,0,17,0,0,5,0,0,0,4,1,6,1,21,5,1398,1,4,3,1,3
20191369P1068,1,9,0,3,0,4,0,0,0,0,1,1,6,1,-1,-1,1896,2,14,-1,-1,-1
20191369P1068,2,9,0,3,0,4,0,0,0,0,2,1,6,2,34,6,1299,1,14,1,1,1
20191369P1068,3,9,0,3,0,4,0,0,0,0,1,1,6,2,40,7,1296,1,12,1,1,1
20191369P2242,1,9,0,18,0,8,0,10,7,2,1,1,6,1,28,6,-1,-1,-1,-1,-1,-1
20191369P2242,2,9,0,5,0,6,0,0,0,0,1,1,6,1,54,8,1398,1,5,-1,-1,-1
20191369Q0672,1,1,0,13,0,3,0,0,0,0,1,1,6,1,33,6,-1,-1,-1,-1,-1,-1
20191369Q0672,2,9,0,9,0,3,0,0,0,0,3,1,6,2,30,6,1598,2,8,4,1,4
20191369Q0922,1,9,0,18,0,0,0,0,0,0,1,1,6,1,34,6,1388,1,10,1,1,1
20191369Q1079,1,9,0,18,0,8,0,0,0,0,1,1,6,2,70,10,1240,1,14,1,1,1
20191369Q1079,2,19,0,18,0,8,0,0,0,0,2,1,1,1,-1,-1,2143,2,3,-1,-1,-1
20191369R0286,1,9,0,18,0,8,0,0,0,0,1,1,6,2,31,6,998,1,1,-1,-1,-1
20191369R0286,2,9,0,18,0,8,0,0,0,0,1,1,6,1,45,7,1968,2,6,-1,-1,-1
20191369R0728,1,9,0,18,0,1,0,0,0,0,1,1,6,2,61,9,1242,1,10,4,1,4
20191369R0728,2,21,0,9,0,1,0,0,0,0,4,1,1,3,-1,-1,-1,-1,-1,-1,-1,-1
20191369R1189,1,8,0,1,0,0,0,0,0,0,2,1,6,1,44,7,1995,2,7,1,1,1
20191369R1283,1,9,0,4,0,1,0,0,0,0,1,1,6,1,30,6,2457,1,12,3,1,3
20191369R1283,2,9,0,4,0,1,0,0,0,0,1,1,6,2,34,6,1995,2,15,1,1,1
20191369S1357,1,9,0,1,0,5,0,0,0,0,2,1,6,1,40,7,1149,1,4,5,1,5
20191369T0270,1,9,0,18,0,8,0,0,0,0,3,1,1,3,-1,-1,1999,1,13,-1,-1,-1
20191369T0270,2,9,0,18,0,8,0,0,0,0,4,1,6,1,38,7,1598,2,7,1,1,1
20191369T1501,1,9,0,18,0,0,0,0,0,0,4,1,6,1,19,4,1296,1,13,2,1,2
20191369U1459,1,5,0,18,0,1,0,0,0,0,1,1,6,1,68,10,1649,1,2,3,1,3
20191369U1459,2,9,0,10,0,6,0,0,0,0,3,1,6,1,37,7,1790,8,6,4,1,4
2019136A10513,1,9,0,18,0,0,0,0,0,0,1,1,6,1,50,8,1999,2,1,7,3,7
2019136A10513,2,17,4,18,0,0,0,0,0,0,2,1,1,1,67,10,-1,2,17,5,3,5
2019136A10759,1,9,0,17,0,0,0,0,0,0,1,1,6,2,36,7,1199,1,17,5,2,5
2019136A10759,2,9,0,16,0,0,0,0,0,0,1,1,6,1,44,7,-1,-1,-1,8,2,8
2019136A11266,1,9,0,16,0,0,1,0,0,0,1,1,2,1,18,4,1229,1,10,8,1,8
2019136A11266,2,9,0,17,0,0,1,0,0,0,1,1,6,1,29,6,999,1,4,5,1,5
2019136A11421,1,9,0,7,0,5,0,0,0,0,1,1,1,1,34,6,1896,2,15,1,1,1
2019136A11421,2,9,0,7,0,5,0,0,0,0,2,1,2,2,34,6,1598,2,5,1,1,1
2019136A21158,1,9,0,17,0,0,0,0,0,0,1,1,6,3,-1,-1,-1,-1,-1,-1,-1,-1
2019136A21158,2,9,0,18,0,0,0,0,0,0,1,1,6,1,45,7,1497,8,13,-1,-1,-1
2019136A21917,1,19,0,13,0,1,0,0,0,0,1,1,6,1,29,6,2402,2,9,-1,-1,-1
2019136A21917,2,9,0,10,0,1,0,0,0,0,3,1,6,2,36,7,1598,2,9,4,1,4
2019136A30442,1,9,0,18,0,0,5,4,0,0,1,1,6,1,81,11,1299,1,16,7,1,7
2019136A30442,2,9,0,2,0,0,0,4,0,0,1,1,6,3,-1,-1,1242,1,13,-1,-1,-1
2019136A30442,3,9,0,2,0,0,0,0,0,0,2,1,6,3,-1,-1,1598,1,8,-1,-1,-1
2019136A31275,1,9,0,18,0,0,0,4,7,1,3,1,6,1,49,8,1598,1,14,4,1,4
2019136A31275,2,9,0,2,0,0,0,0,0,0,4,1,6,1,45,7,1364,1,1,1,1,1
2019136A41962,1,9,0,18,0,0,0,0,0,0,1,1,6,1,38,7,1396,2,4,1,1,1
2019136A61257,1,9,0,18,0,8,0,0,0,0,1,1,6,1,50,8,1753,2,9,1,1,1
2019136A61257,2,8,0,18,0,8,0,0,0,0,3,1,1,1,51,8,1998,2,8,2,1,2
2019136A71671,1,9,0,13,0,0,0,0,0,0,1,1,6,3,-1,-1,-1,-1,-1,-1,-1,-1
2019136A81222,1,9,0,18,0,0,0,0,0,0,1,1,6,2,66,10,1995,2,2,4,1,4
2019136A90259,1,1,0,18,0,1,0,0,0,0,4,1,2,1,38,7,-1,-1,-1,-1,-1,-1
2019136A90259,2,9,0,9,0,1,0,0,0,0,1,1,6,2,49,8,1998,2,10,1,1,1
2019136A90312,1,9,0,4,0,0,0,0,0,0,2,1,2,1,47,8,1497,8,10,1,1,1
2019136A90312,2,9,0,18,0,0,0,0,0,0,1,1,2,1,30,6,2720,2,11,1,1,1
2019136A90962,1,9,0,3,0,1,0,0,0,0,1,1,6,2,21,5,1368,1,2,8,1,8
2019136A90962,2,9,0,3,0,1,0,0,0,0,2,1,6,2,51,8,1598,1,7,8,1,8
2019136A90962,3,9,0,18,0,1,0,0,0,0,2,1,6,1,41,7,1598,1,8,1,1,1
2019136A91063,1,9,0,18,0,0,0,0,0,0,1,1,6,2,51,8,1422,2,4,1,1,1
2019136A91063,2,19,0,18,0,0,0,0,0,0,4,1,6,1,59,9,1753,2,15,3,1,3
2019136A91063,3,9,0,2,0,0,0,0,0,0,2,1,6,3,-1,-1,1390,1,9,-1,-1,-1
2019136A91295,1,8,0,18,0,0,0,0,0,0,4,1,1,1,31,6,1598,1,7,1,1,1
2019136A91322,1,9,0,18,0,0,0,0,0,0,1,1,6,1,42,7,1968,2,8,1,1,1
2019136A91322,2,19,0,18,0,0,0,12,0,0,1,1,6,1,65,9,1248,2,4,6,1,6
2019136A91523,1,9,0,18,0,1,0,0,0,0,1,1,6,2,41,7,998,1,1,4,2,4
2019136A91523,2,9,0,9,0,1,0,0,0,0,3,1,6,1,67,10,1598,1,12,5,3,5
2019136A91714,1,9,0,18,0,0,1,0,6,6,1,1,2,1,31,6,1596,1,12,3,1,3
2019136AA1793,1,9,0,9,0,8,0,0,0,0,1,1,6,1,27,6,1598,2,6,9,2,9
2019136AB0622,1,9,0,18,0,8,0,4,0,0,1,1,6,1,19,4,1398,1,3,1,1,1
2019136AB0622,2,9,0,9,0,8,0,0,0,0,2,1,6,1,51,8,1956,2,5,1,1,1
2019136AB0622,3,9,0,2,0,2,0,0,0,0,2,1,6,3,-1,-1,2967,2,1,-1,-1,-1
2019136AB1026,1,9,0,18,0,8,0,0,0,0,1,1,6,1,22,5,1598,2,4,1,1,1
2019136AB1026,2,9,0,18,0,8,0,0,0,0,1,1,6,1,25,5,2149,2,12,1,1,1
2019136AB1026,3,19,0,3,0,1,0,0,0,0,1,1,1,1,38,7,1968,2,7,3,1,3
2019136AB1115,1,9,0,18,0,0,0,0,0,0,3,1,2,1,25,5,2143,2,8,5,1,5
2019136AB1788,1,9,0,18,0,8,0,0,0,0,1,1,6,1,28,6,1968,2,5,3,1,3
2019136AB1788,2,9,0,18,0,6,0,0,0,0,4,1,6,1,33,6,1896,2,9,2,1,2
2019136AC0238,1,9,0,9,0,1,0,0,0,0,4,1,2,1,55,8,1956,2,7,1,1,1
2019136AC0238,2,1,0,18,0,1,0,0,0,0,1,1,2,1,18,4,-1,-1,-1,1,1,1
2019136AC0346,1,9,0,9,0,3,0,0,3,11,1,1,6,1,30,6,1399,2,14,4,1,4
2019136AC1505,1,9,0,18,0,0,0,0,0,0,4,1,6,3,-1,-1,-1,-1,-1,-1,-1,-1
2019136AC1505,2,9,0,2,0,0,0,0,0,0,3,1,6,1,47,8,1998,2,12,6,1,6
2019136AD0978,1,9,0,18,0,8,0,0,0,0,4,1,6,2,40,7,1329,1,5,1,1,1
2019136AD0978,2,9,0,18,0,8,0,0,0,0,1,1,6,1,-1,-1,1598,2,8,5,1,5
2019136AD1607,1,9,0,18,0,0,0,0,0,0,1,1,6,1,30,6,2894,1,1,1,1,1
2019136AD1607,2,9,0,2,0,0,0,0,0,0,1,1,6,3,-1,-1,1364,1,3,-1,-1,-1
2019136AD1607,3,9,0,18,0,0,0,0,0,0,1,1,6,1,45,7,1348,1,17,4,1,4
2019136AD1905,1,9,0,17,0,0,1,4,7,5,1,1,6,1,26,6,1364,2,7,1,1,1
2019136AD1905,2,9,0,2,0,0,0,0,0,0,2,1,6,2,-1,-1,2268,2,8,-1,-1,-1
2019136AE0724,1,9,0,18,0,8,0,0,0,0,1,1,6,1,32,6,1497,8,15,1,1,1
2019136AE0724,2,9,0,9,0,8,0,0,0,0,3,1,6,1,22,5,1398,1,3,5,1,5
2019136AE0984,1,9,0,14,0,1,0,0,0,0,1,1,6,1,45,7,1968,2,3,3,1,3
2019136AE0984,2,9,0,6,0,1,0,0,0,0,3,1,6,1,37,7,1596,1,12,3,1,3
2019136AG0149,1,9,0,7,0,1,5,0,2,1,1,1,6,1,43,7,1968,2,2,1,1,1
2019136AG0381,1,9,0,18,0,8,0,0,0,0,1,1,6,2,29,6,1149,1,11,-1,-1,-1
2019136AG0416,1,9,0,18,0,6,0,0,0,0,1,1,6,1,27,6,1753,2,12,-1,-1,-1
2019136AG0416,2,9,0,18,0,8,0,0,0,0,3,1,6,2,32,6,1248,2,7,-1,-1,-1
2019136AG1036,1,9,0,9,0,5,0,0,0,0,4,1,6,3,-1,-1,-1,-1,-1,-1,-1,-1
2019136AG1547,1,9,0,18,0,1,0,0,0,0,1,1,2,1,37,7,1984,1,2,1,1,1
2019136AG1547,2,8,0,9,0,5,0,0,0,0,1,1,1,1,54,8,1799,7,8,4,1,4
2019136AH0338,1,9,0,9,0,8,0,0,0,0,4,1,6,1,84,11,-1,-1,-1,1,1,1
2019136AH0338,2,1,0,18,0,8,0,0,0,0,1,1,2,1,36,7,-1,-1,-1,3,1,3
2019136AH0697,1,1,0,18,0,0,0,4,0,0,1,1,6,1,19,4,-1,-1,-1,3,1,3
2019136AH0697,2,9,0,2,0,0,0,0,0,0,2,1,6,1,31,6,1997,2,3,-1,-1,-1
2019136AI0197,1,9,0,18,0,8,0,0,0,0,1,1,2,1,38,7,1560,2,12,2,1,2
2019136AI0197,2,1,0,18,0,8,0,0,0,0,4,1,2,1,17,4,-1,-1,-1,1,1,1
2019136AI0293,1,9,0,18,0,0,0,0,0,0,4,1,2,2,33,6,998,1,16,1,1,1
2019136AI0877,1,9,0,18,0,0,0,0,0,0,1,1,6,1,82,11,1298,1,11,5,1,5
2019136AI1181,1,1,0,15,0,0,0,0,0,0,3,1,6,1,43,7,-1,-1,-1,5,1,5
2019136AI1181,2,9,0,3,0,0,0,0,0,0,4,1,6,1,64,9,1586,1,12,2,1,2
2019136AI1181,3,9,0,3,0,0,0,0,0,0,4,1,6,1,48,8,1598,2,8,2,1,2
2019136AI1240,1,9,0,7,0,1,0,0,1,0,1,1,6,1,45,7,2400,2,3,2,3,2
2019136AI1240,2,9,0,7,0,1,0,0,0,11,2,1,6,1,23,5,999,1,4,6,1,6
2019136AI1922,1,9,0,1,0,1,0,0,0,0,3,1,6,2,24,5,1560,2,8,-1,-1,-1
2019136AK0781,1,1,0,18,0,0,0,0,0,0,1,1,6,1,17,4,-1,-1,-1,2,1,2
2019136AK1897,1,9,0,5,0,1,1,0,0,0,2,1,6,1,25,5,1896,2,11,1,1,1
2019136AK1897,2,9,0,3,0,1,0,0,0,0,1,1,6,2,71,10,1198,1,13,1,1,1
2019136AK1897,3,9,0,5,0,2,0,0,0,0,2,1,6,1,23,5,1968,2,3,1,1,1
2019136AK1897,4,9,0,2,0,2,0,0,0,0,1,1,6,2,32,6,1999,2,3,7,1,7
2019136AK1899,1,9,0,18,0,0,0,4,7,11,1,1,6,1,22,5,1984,1,5,2,1,2
2019136AK1899,2,9,0,2,0,0,0,0,1,2,2,1,6,1,48,8,1398,1,4,-1,-1,-1
2019136AK1899,3,9,0,18,0,0,0,0,0,0,0,1,1,1,46,8,1995,2,3,1,1,1
2019136AL1098,1,9,0,18,0,0,0,0,0,0,4,1,6,2,74,10,1395,1,6,5,1,5
2019136AL1137,1,9,0,18,0,8,0,0,0,0,1,1,6,2,47,8,1242,1,6,1,1,1
2019136AL1137,2,9,0,2,0,8,0,0,0,0,2,1,6,2,22,5,1598,2,9,8,2,8
2019136AL1945,1,9,0,9,0,6,0,0,0,0,3,1,6,1,19,4,998,1,12,4,-1,4
2019136AL1945,2,8,0,18,0,8,0,0,0,0,1,1,1,1,47,8,1968,2,8,3,1,3
2019136AM0272,1,9,0,9,0,6,0,0,0,0,1,1,3,2,34,6,998,1,13,1,1,1
2019136AM0272,2,9,0,18,0,8,0,0,0,0,3,1,2,1,29,6,1984,1,13,5,1,5
2019136AM1251,1,11,0,18,2,0,0,0,0,0,1,1,1,1,39,7,7300,2,15,4,1,4
2019136AM1683,1,9,0,18,0,0,0,0,1,0,4,1,6,3,-1,-1,1587,1,17,-1,-1,-1
2019136AN0293,1,9,0,18,0,0,0,0,0,0,4,1,1,1,19,4,1398,1,3,5,1,5
2019136AN0423,1,9,0,5,0,0,0,0,0,0,1,1,6,1,77,11,998,1,9,4,2,4
2019136AN0848,1,9,0,18,0,1,0,0,0,0,4,1,6,2,28,6,1984,1,5,6,1,6
2019136AN1064,1,9,0,7,0,1,0,0,0,0,3,1,6,2,39,7,1968,2,8,4,1,4
2019136AN1064,2,9,0,18,0,1,0,0,0,0,4,1,3,1,50,8,1240,1,14,2,1,2
2019136AO0043,1,90,0,18,0,8,0,0,0,0,1,1,1,1,24,5,-1,-1,-1,1,1,1
2019136AO0043,2,8,0,18,0,8,2,10,7,0,4,1,6,1,59,9,1997,2,8,2,1,2
2019136AO1233,1,9,0,18,0,1,0,0,0,0,1,1,6,2,25,5,1390,1,8,1,1,1
2019136AO1233,2,9,0,18,0,1,0,0,0,0,1,1,6,2,46,8,1198,1,5,1,1,1
2019136AP1284,1,8,0,18,0,8,0,0,0,0,4,1,1,1,58,9,1560,2,8,4,1,4
2019136AP1284,2,8,0,18,0,8,0,0,0,0,1,1,1,1,32,6,-1,-1,-1,2,1,2
2019136AP1305,1,9,0,18,0,1,0,0,0,0,1,1,6,2,76,11,1299,1,12,2,2,2
2019136AP1305,2,9,0,2,0,1,0,0,0,0,2,1,6,2,-1,-1,1198,1,8,-1,-1,-1
2019136AP1315,1,9,0,18,0,0,0,0,0,0,1,1,6,1,-1,-1,1499,2,3,-1,-1,-1
2019136AP1315,2,8,0,18,0,0,0,0,0,0,1,1,2,1,-1,-1,1797,8,6,-1,-1,-1
2019136AP1539,1,9,0,9,0,5,0,0,0,0,3,1,6,1,55,8,1332,1,20,1,1,1
2019136AP1539,2,3,0,18,0,8,0,0,0,0,1,1,6,1,53,8,124,1,8,5,1,5
2019136AP1539,3,9,0,3,0,6,0,0,0,0,1,1,6,1,23,5,999,1,2,2,1,2
2019136AP1685,1,9,0,18,0,0,1,4,1,11,1,1,6,1,26,6,-1,-1,-1,4,2,4
2019136AP1685,2,9,0,2,0,0,0,0,0,0,2,1,6,3,-1,-1,1248,2,8,-1,-1,-1
2019136AR1165,1,9,0,18,0,1,0,0,0,0,1,1,6,1,31,6,1596,1,13,3,1,3
2019136AR1165,2,9,0,4,0,1,0,0,0,0,2,1,6,2,52,8,1956,2,7,9,1,9
2019136AR1165,3,9,0,10,0,1,0,0,0,0,0,1,6,2,51,8,1685,2,4,3,1,3
2019136AS0349,1,9,0,18,0,8,0,0,0,0,3,1,6,2,23,5,1242,1,7,1,1,1
2019136AS0349,2,9,0,18,0,8,0,0,0,0,4,1,6,1,69,10,998,1,4,6,2,6
2019136AS1438,1,9,0,12,0,0,0,0,0,0,0,1,6,1,30,6,1248,2,5,6,1,6
2019136AS1438,2,3,0,18,0,0,1,0,0,0,0,1,1,1,34,6,125,1,14,3,-1,3
2019136AT0204,1,9,0,3,0,1,0,0,0,0,2,1,6,2,25,5,998,1,14,1,1,1
2019136AT0204,2,9,0,18,0,1,0,0,0,0,1,1,6,3,-1,-1,1498,1,-1,-1,-1,-1
2019136AT0867,1,9,0,9,0,8,0,0,0,0,1,1,6,2,39,7,1968,2,12,3,1,3
2019136AT0867,2,19,0,9,0,8,0,0,0,0,1,1,1,2,50,8,-1,-1,-1,2,1,2
2019136AT1088,1,11,0,5,8,0,0,0,1,1,1,1,1,1,64,9,7300,2,10,1,1,1
2019136AT1088,2,9,0,3,0,0,0,0,0,0,4,1,6,2,48,8,1198,1,2,10,1,10
2019136AT1192,1,9,0,1,0,0,0,0,0,0,2,1,6,1,31,6,-1,-1,-1,-1,-1,-1
2019136AU0773,1,9,0,3,0,1,0,0,0,0,1,1,6,1,25,5,1598,2,7,8,1,8
2019136AU0773,2,9,0,3,0,1,0,0,0,0,1,1,6,1,27,6,1968,2,3,7,1,7
2019136AU0773,3,9,0,3,0,1,0,0,0,0,2,1,6,2,37,7,2143,2,2,-1,-1,-1
2019136AU0937,1,1,0,18,0,1,5,0,0,0,1,1,6,1,21,5,-1,-1,-1,1,1,1
2019136AU0937,2,9,0,4,0,1,0,0,0,0,4,1,6,1,-1,-1,-1,-1,-1,-1,-1,-1
2019136AV0180,1,9,0,9,0,6,0,0,0,0,4,1,6,3,-1,-1,-1,-1,-1,-1,-1,-1
2019136AV0180,2,1,0,18,0,8,0,0,0,0,1,1,1,1,38,7,-1,-1,-1,1,1,1
2019136AV0253,1,9,0,18,0,0,0,0,0,0,2,1,6,1,24,5,1197,1,2,8,1,8
2019136AV0253,2,9,0,18,0,0,0,0,0,0,1,1,6,1,52,8,-1,-1,-1,5,1,5
2019136AV1212,1,9,0,18,0,2,0,0,0,0,1,1,6,2,89,11,1299,1,16,3,1,3
2019136AV2520,1,9,0,18,0,0,2,0,8,11,1,1,6,1,25,5,1968,2,11,3,1,3
2019136AV2520,2,9,0,18,0,0,1,0,0,0,2,1,6,3,-1,-1,1364,1,12,-1,-1,-1
2019136B10843,1,9,0,7,0,2,0,0,0,0,3,1,6,1,26,6,1364,2,5,4,1,4
2019136B10843,2,9,0,18,0,2,0,0,7,0,1,1,6,1,28,6,1910,2,12,2,1,2
2019136B11441,1,9,0,5,9,6,0,0,0,0,0,1,6,1,60,9,1596,1,7,1,1,1
2019136B11924,1,9,0,18,0,0,0,0,0,0,1,1,6,2,29,6,1364,2,10,7,1,7
2019136B11924,2,9,0,18,0,0,0,0,0,0,2,1,6,1,27,6,1995,2,13,1,1,1
2019136B20732,1,9,0,18,0,0,0,0,0,0,1,1,6,1,25,5,1984,1,1,1,1,1
2019136B20732,2,1,0,18,0,0,0,0,0,0,1,1,6,1,11,3,-1,-1,-1,6,3,6
2019136B21411,1,9,0,18,0,0,0,0,0,0,0,1,6,3,-1,-1,-1,-1,-1,-1,-1,-1
2019136B21411,2,3,0,18,0,0,0,0,0,0,4,1,2,1,54,8,108,1,5,6,1,6
2019136B31450,1,9,0,9,0,5,0,0,0,0,3,1,6,2,48,8,998,1,20,2,1,2
2019136B31582,1,9,0,18,0,0,0,0,0,0,1,1,6,1,66,10,1582,2,8,1,1,1
2019136B31582,2,9,0,18,0,0,0,0,0,0,2,1,6,1,59,9,1560,2,5,1,1,1
2019136B31582,3,9,0,18,0,0,0,0,0,0,2,1,2,1,65,9,1797,8,6,1,1,1
2019136B31582,4,9,0,2,0,0,0,0,0,0,3,1,6,1,30,6,1968,2,5,1,1,1
2019136B40620,1,9,0,18,0,8,0,0,0,0,1,1,2,1,27,6,-1,-1,-1,1,1,1
2019136B40620,2,9,0,9,0,6,0,0,0,0,3,1,1,1,30,6,-1,-1,-1,3,1,3
2019136B40848,1,9,0,18,0,8,0,0,0,0,1,1,6,2,43,7,1597,2,6,3,1,3
2019136B40848,2,9,0,9,0,6,0,0,0,0,3,1,6,2,22,5,1299,1,15,1,1,1
2019136B41190,1,9,0,4,0,0,0,0,0,0,1,1,6,1,39,7,1461,2,16,1,1,1
2019136B41190,2,9,0,3,0,0,0,0,0,0,2,1,6,2,50,8,1200,1,6,4,2,4
2019136B41190,3,9,0,3,0,0,0,0,0,0,2,1,6,1,37,7,1956,2,7,5,2,5
2019136B41592,1,9,0,9,0,8,0,0,0,0,1,1,6,2,51,8,2400,2,3,6,1,6
2019136B41592,2,9,0,18,0,8,0,0,0,0,3,1,6,2,60,9,1242,1,5,10,3,10
2019136B50393,1,9,0,9,0,0,0,0,0,0,1,1,6,1,32,6,3456,8,6,1,1,1
2019136B50768,1,9,0,5,0,4,0,0,0,0,1,1,6,2,39,7,-1,3,1,7,2,7
2019136B50768,2,1,0,18,0,8,0,0,0,0,2,1,6,1,51,8,-1,-1,-1,6,1,6
2019136B51239,1,9,0,6,0,0,0,0,0,0,3,1,2,1,61,9,1197,1,1,1,1,1
2019136B51239,2,9,0,18,0,0,0,0,0,0,2,1,2,1,55,8,1364,1,10,2,1,2
2019136B51384,1,9,0,7,0,1,0,0,0,0,4,1,6,1,30,6,-1,-1,-1,-1,-1,-1
2019136B51384,2,9,0,18,0,1,0,0,0,0,1,1,6,1,30,6,1598,2,3,-1,-1,-1
2019136B51629,1,9,0,5,0,6,0,0,0,0,1,1,6,2,28,6,1198,1,3,4,1,4
2019136B51629,2,1,0,5,0,6,0,0,0,0,1,1,6,1,41,7,-1,-1,-1,-1,-1,-1
2019136B60494,1,9,0,18,9,8,0,0,0,0,1,1,3,1,41,7,-1,-1,-1,1,1,1
2019136B60494,2,9,0,4,0,8,0,0,0,0,4,1,1,1,48,8,2993,2,-1,1,1,1
2019136B61333,1,3,0,18,0,0,1,0,0,0,0,1,6,2,25,5,125,1,7,1,1,1
2019136B61414,1,9,0,18,0,0,0,0,0,0,1,1,6,3,-1,-1,-1,-1,-1,-1,-1,-1
2019136B61527,1,9,0,9,0,8,0,0,0,0,1,1,2,2,29,6,2143,2,3,8,1,8
2019136B62059,1,9,0,16,0,0,1,0,0,0,3,1,6,1,20,4,1364,1,11,3,1,3
2019136B62059,2,21,1,18,0,0,0,0,0,0,1,1,1,1,65,9,-1,-1,-1,1,1,1
2019136B70326,1,21,0,18,0,1,0,0,0,0,1,1,1,1,57,9,12777,2,4,6,1,6
2019136B71037,1,9,0,18,0,0,0,0,0,0,1,1,1,1,39,7,1968,2,8,4,1,4
2019136B71070,1,9,0,18,0,8,0,0,0,0,1,1,6,2,20,4,1242,1,11,5,1,5
2019136B71070,2,9,0,9,0,6,0,0,0,0,4,1,6,1,72,10,1373,1,-1,-1,-1,-1
2019136B71283,1,9,0,9,0,1,0,0,0,0,4,1,6,2,35,6,1332,1,20,4,1,4
2019136B71283,2,9,0,18,0,1,0,0,0,0,1,1,6,1,-1,-1,1968,2,-1,-1,-1,-1
2019136B72079,1,9,0,18,0,0,0,0,0,0,3,1,6,1,25,5,1422,2,10,3,1,3
2019136B72092,1,9,0,18,0,8,0,0,0,0,1,1,2,1,34,6,1198,1,6,1,1,1
2019136B80189,1,1,0,18,0,8,0,0,0,0,1,1,2,1,57,9,-1,-1,-1,7,1,7
2019136B80189,2,9,0,9,0,6,0,0,0,0,4,1,2,2,58,9,1328,1,10,2,1,2
2019136B81590,1,9,0,18,0,0,0,0,0,0,1,1,6,1,23,5,1968,2,5,3,1,3
2019136B90762,1,8,0,18,0,0,0,0,0,0,1,1,6,1,63,9,1798,1,7,5,1,5
2019136B91985,1,9,0,18,0,0,2,0,7,10,1,1,6,1,19,4,1229,1,10,1,1,1
2019136BB0203,1,1,0,18,0,8,0,0,0,0,2,1,2,1,36,7,-1,-1,-1,2,1,2
2019136BB0203,2,9,0,18,0,8,0,0,0,0,1,1,2,1,50,8,1390,1,14,5,1,5
2019136BB1015,1,9,0,18,0,3,0,0,0,0,1,1,6,3,-1,-1,2967,2,6,-1,-1,-1
2019136BB1015,2,9,0,18,0,4,0,0,0,0,0,1,6,1,40,7,2993,2,1,-1,-1,-1
2019136BB1015,3,9,0,18,0,3,0,0,0,0,2,1,6,2,50,8,1329,1,8,5,1,5
2019136BB1015,4,9,0,4,0,3,0,0,0,0,3,1,6,1,35,6,2993,2,4,1,1,1
2019136BB1227,1,9,0,7,0,5,0,0,0,0,3,1,6,1,46,8,1598,1,8,3,1,3
2019136BB1227,2,9,0,7,0,6,0,0,0,0,3,1,6,2,38,7,1598,2,8,2,1,2
2019136BC0287,1,9,0,4,0,1,0,0,0,0,1,1,2,1,-1,-1,-1,-1,-1,-1,-1,-1
2019136BC0287,2,9,0,3,0,1,0,0,0,0,2,1,2,2,47,8,1968,2,13,6,1,6
2019136BD0463,1,9,0,7,0,6,0,0,0,0,2,1,6,2,70,10,1587,1,16,-1,-1,-1
2019136BD0463,2,9,0,7,0,8,0,0,0,0,1,1,6,3,-1,-1,-1,-1,-1,-1,-1,-1
2019136BD0741,1,9,0,18,0,0,2,0,2,11,4,1,1,1,71,10,2179,2,6,8,3,8
2019136BE0020,1,9,0,9,0,8,0,0,0,0,3,1,6,1,28,6,1995,2,6,2,1,2
2019136BE0020,2,9,0,18,0,8,0,0,0,0,1,1,6,1,29,6,2149,2,12,-1,-1,-1
2019136BE0589,1,8,0,7,0,6,0,0,0,0,1,1,6,3,-1,-1,-1,-1,-1,-1,-1,-1
2019136BE1149,1,9,0,9,0,0,0,0,0,0,4,1,2,2,25,5,998,1,12,4,1,4
2019136BE1149,2,9,0,18,0,0,0,0,0,0,3,1,2,2,24,5,1499,2,4,-1,-1,-1
2019136BE1406,1,9,0,18,0,0,0,0,0,0,1,1,2,1,37,7,1910,2,10,5,1,5
2019136BE1439,1,9,0,18,0,0,0,0,0,0,1,1,6,3,-1,-1,-1,-1,-1,-1,-1,-1
2019136BE1718,1,9,0,18,0,8,0,0,0,0,0,1,6,3,-1,-1,-1,-1,-1,-1,-1,-1
2019136BE1718,2,1,0,18,0,8,0,0,0,0,0,1,6,1,19,4,-1,-1,-1,5,1,5
2019136BE1755,1,1,0,18,0,0,0,0,0,0,1,1,6,1,15,3,-1,-1,-1,2,1,2
2019136BE1755,2,9,0,18,0,0,0,0,0,0,1,1,6,1,35,6,1363,2,14,3,1,3
2019136BF0791,1,9,0,18,0,0,0,0,0,0,1,1,6,2,37,7,1598,1,16,3,1,3
2019136BG0959,1,9,0,18,0,8,0,0,0,0,1,1,6,2,32,6,1968,2,10,1,1,1
2019136BG1306,1,9,0,9,0,8,0,0,0,0,1,1,6,1,47,8,1598,2,7,1,1,1
2019136BG1306,2,4,0,18,0,1,5,0,0,0,1,1,6,1,30,6,-1,-1,-1,-1,-1,-1
2019136BH1510,1,9,0,9,0,8,0,0,0,0,1,1,6,2,38,7,1999,1,10,10,1,10
2019136BH1510,2,8,0,18,0,8,0,0,0,0,1,1,6,1,36,7,1796,1,7,1,1,1
2019136BI1902,1,9,0,7,0,6,0,0,0,0,4,1,6,2,25,5,998,1,3,2,1,2
2019136BI1902,2,1,0,18,5,8,0,0,0,0,1,1,6,1,49,8,-1,-1,-1,1,1,1
2019136BJ1082,1,9,0,9,0,8,0,0,0,0,3,1,6,1,20,4,999,1,-1,2,1,2
2019136BJ1082,2,9,0,18,0,1,0,0,0,0,4,1,6,2,48,8,1339,1,14,1,1,1
2019136BJ1213,1,9,0,18,0,8,0,0,0,0,1,1,6,2,33,6,1199,2,7,1,1,1
2019136BJ1213,2,9,0,18,0,8,0,0,0,0,3,1,6,2,46,8,1296,1,13,-1,-1,-1
2019136BJ1519,1,9,0,18,0,0,0,4,1,0,1,1,6,2,68,10,1329,1,7,1,1,1
2019136BJ1519,2,9,0,2,0,0,0,0,1,0,1,1,6,1,-1,-1,1242,1,14,-1,-1,-1
2019136BJ1519,3,9,0,2,0,0,0,0,0,0,2,1,6,1,-1,-1,1200,1,1,-1,-1,-1
2019136BJ1669,1,9,0,18,0,0,0,0,0,0,4,1,6,2,-1,-1,-1,-1,-1,-1,-1,-1
2019136BJ1819,1,9,0,9,0,4,0,0,7,0,1,1,6,1,24,5,998,1,16,1,1,1
2019136BJ1819,2,9,0,18,0,4,0,0,1,0,3,1,6,1,32,6,-1,-1,-1,1,1,1
2019136BK1405,1,9,0,18,0,8,0,0,0,0,3,1,6,1,48,8,1753,2,11,4,1,4
2019136BK1405,2,9,0,18,0,8,0,0,0,0,1,1,6,1,33,6,1910,2,10,2,1,2
2019136BK1405,3,9,0,9,0,6,0,0,0,0,1,1,6,1,63,9,1968,2,12,7,3,7
2019136BL0145,1,9,0,13,0,0,1,0,7,11,3,1,6,1,27,6,-1,-1,-1,-1,-1,-1
2019136BL0227,1,21,0,18,0,0,0,0,0,0,1,1,1,1,62,9,-1,-1,-1,5,2,5
2019136BL0482,1,9,0,1,0,8,0,0,0,0,2,1,6,3,-1,-1,-1,-1,-1,-1,-1,-1
2019136BL1737,1,9,0,18,0,8,0,0,0,0,4,1,6,1,34,6,898,1,-1,4,1,4
2019136BL1737,2,9,0,18,0,8,0,0,0,0,3,1,6,2,23,5,999,1,4,1,1,1
2019136BM0249,1,9,0,9,0,6,0,0,0,0,1,1,1,1,26,6,2179,2,6,8,-1,8
2019136BM0249,2,1,0,18,0,8,0,0,0,0,4,1,1,2,36,7,-1,-1,-1,5,1,5
2019136BM0266,1,8,0,6,0,8,0,0,0,0,3,1,1,1,46,8,1598,2,5,1,1,1
2019136BM0266,2,9,0,18,0,8,0,0,0,0,4,1,1,1,31,6,1328,1,12,5,1,5
2019136BM0513,1,9,0,18,0,0,0,0,0,0,1,1,6,2,26,6,998,1,8,6,3,6
2019136BM0513,2,9,0,4,0,0,0,0,0,0,2,1,6,2,21,5,1496,1,4,8,1,8
2019136BN1318,1,9,0,18,0,8,0,0,0,0,4,1,6,1,62,9,1461,2,4,5,1,5
2019136BN1318,2,9,0,9,0,6,0,0,0,0,1,1,6,1,26,6,1598,2,4,5,1,5
2019136BN1431,1,9,0,7,0,8,0,0,0,0,1,1,6,1,19,4,2000,1,14,7,1,7
2019136BN1431,2,9,0,14,0,8,0,0,0,0,1,1,6,2,37,7,1995,2,7,2,1,2
2019136BN2039,1,9,0,9,0,6,0,0,0,0,1,1,6,3,-1,-1,-1,-1,-1,-1,-1,-1
2019136BO0281,1,9,0,18,0,0,0,0,8,4,3,1,6,1,23,5,1398,1,6,1,1,1
2019136BP0962,1,9,0,18,0,0,0,0,7,10,1,1,6,1,42,7,1596,1,8,2,1,2
2019136BP1357,1,9,0,2,0,0,0,0,0,0,1,1,6,2,81,11,2400,2,10,5,1,5
2019136BQ0334,1,9,0,5,0,1,0,0,0,0,1,2,6,2,31,6,1296,1,13,1,1,1
2019136BQ0334,2,1,0,18,0,8,0,0,0,0,4,1,6,1,37,7,-1,-1,-1,9,1,9
2019136BQ0398,1,9,0,3,0,2,0,0,0,0,4,1,6,1,-1,-1,-1,-1,-1,-1,-1,-1
2019136BQ0584,1,9,0,17,0,2,0,0,3,11,1,1,6,2,19,4,1900,2,13,1,1,1
2019136BQ1295,1,11,0,18,0,8,0,0,0,0,1,1,1,1,51,8,5132,2,4,6,1,6
2019136BQ1295,2,8,0,7,0,8,0,0,0,0,3,1,1,1,57,9,1998,2,9,1,1,1
2019136BQ1585,1,9,0,9,0,6,0,11,0,0,3,1,6,2,26,6,1598,2,5,1,1,1
2019136BR0277,1,9,0,18,0,0,0,0,0,0,1,1,6,2,39,7,1197,1,1,8,-1,8
2019136BR0978,1,9,0,18,0,8,1,0,0,0,1,1,6,2,24,5,1364,1,10,1,1,1
2019136BR1068,1,9,0,9,0,1,0,0,0,0,1,1,6,3,-1,-1,1199,2,8,-1,-1,-1
2019136BR1068,2,1,0,18,0,1,0,0,0,0,4,1,6,1,48,8,-1,-1,-1,1,1,1
2019136BS1185,1,9,0,9,0,8,0,0,0,0,1,1,2,1,51,8,1997,2,4,2,1,2
2019136BS1185,2,9,0,18,0,8,0,0,0,0,1,1,6,2,53,8,1149,1,12,1,1,1
2019136BS1473,1,20,0,18,0,8,0,0,0,0,1,1,1,1,22,5,4461,2,7,7,1,7
2019136BS1473,2,9,0,18,0,8,0,0,0,0,1,1,6,1,58,9,999,1,3,10,-1,10
2019136BT0289,1,9,0,18,0,0,2,0,7,11,1,1,2,2,24,5,1229,1,5,2,3,2
2019136BT0303,1,9,0,9,0,8,0,0,0,0,1,1,6,1,47,8,-1,-1,-1,7,1,7
2019136BT0303,2,1,0,18,0,8,0,0,0,0,1,1,6,1,72,10,-1,-1,-1,9,1,9
2019136BT0414,1,9,0,18,0,0,0,0,0,0,3,1,6,2,33,6,999,1,1,6,1,6
2019136BT0414,2,9,0,18,0,0,0,0,0,0,4,1,6,1,-1,-1,-1,-1,-1,-1,-1,-1
2019136BT1345,1,9,0,18,0,0,0,0,0,0,2,1,6,1,58,9,1598,2,8,1,1,1
2019136BT1345,2,9,0,18,0,0,0,0,0,0,1,1,6,1,50,8,-1,-1,-1,3,1,3
2019136BT1448,1,9,0,7,0,6,0,0,0,0,1,1,6,2,41,7,1995,2,18,1,1,1
2019136BT1448,2,9,0,3,0,8,0,0,0,0,4,1,6,1,32,6,2993,2,2,1,1,1
2019136BT1448,3,9,0,3,0,8,0,0,0,0,4,1,6,2,44,7,1197,1,2,5,1,5
2019136BT1448,4,9,0,2,0,2,0,0,0,0,3,1,6,1,53,8,1560,2,9,3,1,3
2019136BU1141,1,9,0,18,0,8,0,0,0,0,1,1,6,1,26,6,1229,1,8,1,1,1
2019136BU1724,1,9,0,7,0,6,0,0,0,0,3,1,6,2,44,7,1395,1,3,4,1,4
2019136BU1724,2,9,0,18,0,1,0,0,0,0,1,1,6,2,35,6,1598,2,4,1,1,1
2019136C10256,1,9,0,18,0,1,1,0,7,11,1,1,6,1,27,6,1984,1,1,8,1,8
2019136C10256,2,8,0,9,0,8,0,0,0,0,3,1,1,1,40,7,1598,2,6,1,1,1
2019136C10665,1,17,0,18,0,0,0,0,0,0,1,1,1,1,31,6,-1,-1,-1,7,3,7
2019136C10665,2,9,0,4,0,0,0,0,0,0,2,1,6,1,57,9,1968,2,4,-1,-1,-1
2019136C20619,1,8,0,7,0,8,0,0,0,0,1,1,6,1,34,6,1968,2,6,7,1,7
2019136C21434,1,9,0,18,0,8,0,0,3,11,1,1,6,2,67,10,1242,1,-1,3,1,3
2019136C21726,1,9,0,1,0,1,0,0,0,0,2,1,6,2,35,6,1398,1,-1,-1,-1,-1
2019136C21726,2,9,0,3,0,1,0,0,0,0,1,1,6,2,29,6,1598,2,5,-1,-1,-1
2019136C30854,1,8,0,18,0,8,0,0,0,0,1,1,1,1,63,9,1560,2,6,1,1,1
2019136C40905,1,90,0,18,0,8,1,0,0,0,4,1,6,1,-1,-1,-1,-1,-1,-1,-1,-1
2019136C40905,2,9,0,18,0,1,0,0,0,0,1,1,6,1,46,8,2231,2,12,3,1,3
2019136C41582,1,9,0,18,0,4,0,0,0,0,1,1,6,1,34,6,2143,2,1,1,1,1
2019136C41582,2,9,0,17,0,8,0,0,0,0,1,1,6,1,52,8,1390,1,11,9,2,9
2019136C51259,1,9,0,9,0,2,0,0,0,0,4,1,6,1,25,5,2987,2,12,3,1,3
2019136C51259,2,9,0,9,0,2,0,0,0,0,1,1,6,1,23,5,1596,1,4,2,1,2
2019136C51713,1,9,0,18,0,8,0,0,0,0,3,1,6,2,36,7,1339,1,15,3,1,3
2019136C51713,2,9,0,18,0,8,0,0,0,0,1,1,6,1,62,9,2268,2,4,5,1,5
2019136C61837,1,9,0,18,0,8,1,0,0,11,1,1,6,1,22,5,1900,2,14,1,1,1
2019136C61837,2,9,0,18,0,8,1,0,0,11,4,1,6,2,63,9,1364,1,5,3,1,3
2019136C70047,1,9,0,18,0,0,0,0,0,0,1,1,6,1,45,7,1834,1,22,-1,-1,-1
2019136C72096,1,9,0,18,0,0,0,0,0,0,1,1,6,1,19,4,1999,1,14,1,1,1
2019136C72096,2,9,0,18,0,0,0,0,0,0,0,1,1,1,37,7,1498,2,-1,-1,-1,-1
2019136C72096,3,9,0,6,0,0,0,0,0,0,4,1,6,1,22,5,1242,1,13,4,1,4
2019136C72096,4,9,0,2,0,0,0,0,0,0,2,1,6,1,48,8,1968,2,-1,1,1,1
2019136C72096,5,9,0,2,0,0,0,0,0,0,1,1,6,1,42,7,1984,1,-1,3,1,3
2019136C81104,1,9,0,1,0,0,0,0,0,0,2,1,6,2,26,6,1461,2,-1,7,1,7
2019136C81212,1,9,0,7,9,0,0,0,0,0,1,1,6,1,33,6,-1,-1,-1,1,1,1
2019136C81212,2,9,0,18,0,0,0,0,0,0,1,1,6,2,47,8,1390,1,8,1,1,1
2019136C81398,1,9,0,18,0,0,0,0,0,0,1,1,6,1,27,6,1995,2,14,1,1,1
2019136C81724,1,9,0,7,0,8,1,0,3,11,2,1,6,1,17,4,898,1,-1,1,1,1
2019136C90765,1,19,0,18,0,1,0,0,0,0,1,1,6,3,-1,-1,-1,-1,-1,-1,-1,-1
2019136C90765,2,9,0,3,0,1,0,0,0,0,2,1,6,1,56,9,2902,2,11,1,1,1
2019136C90989,1,9,0,15,0,0,0,0,0,0,4,1,6,1,83,11,1591,1,9,2,1,2
2019136C91011,1,9,0,18,0,2,0,0,0,0,0,1,6,1,70,10,1388,1,16,3,1,3
2019136C91039,1,9,0,18,0,0,0,0,0,0,4,1,6,3,-1,-1,1910,2,11,-1,-1,-1
2019136C91039,2,9,0,18,0,0,0,0,0,0,3,1,6,2,39,7,1329,1,9,8,1,8
2019136CA1185,1,9,0,18,0,0,0,0,0,0,1,1,6,1,40,7,1598,1,2,1,1,1
2019136CA1216,1,9,0,18,0,8,0,0,0,0,4,1,6,2,35,6,1399,1,12,1,1,1
2019136CA1216,2,9,0,5,0,8,0,0,0,0,1,1,6,1,38,7,1398,1,9,1,1,1
2019136CA1384,1,9,0,18,0,8,0,0,0,0,1,1,6,2,61,9,1339,1,16,3,1,3
2019136CA1384,2,9,0,18,0,8,0,0,0,0,1,1,6,1,-1,-1,1896,2,16,7,1,7
2019136CA1438,1,9,0,18,0,1,0,0,0,0,1,1,6,2,60,9,1298,1,17,3,1,3
2019136CB0210,1,9,0,9,0,1,0,0,0,0,1,1,6,2,36,7,1994,1,14,1,1,1
2019136CB0242,1,9,0,18,0,2,0,0,0,0,1,1,6,1,86,11,1332,1,-1,3,1,3
2019136CB0586,1,9,0,18,0,8,0,0,7,10,4,1,1,1,21,5,1560,2,3,-1,-1,-1
2019136CB0586,2,9,0,18,0,8,0,0,7,10,2,1,6,1,49,8,-1,-1,-1,10,1,10
2019136CB0741,1,9,0,9,0,6,0,0,0,0,3,1,6,2,44,7,1968,2,10,3,1,3
2019136CB0741,2,1,0,18,0,8,0,0,0,0,1,1,6,1,19,4,-1,-1,-1,3,1,3
2019136CB1131,1,9,0,18,0,3,1,7,4,6,1,1,6,1,37,7,1988,1,15,-1,-1,-1
2019136CC0200,1,9,0,17,0,0,2,0,1,11,3,1,2,2,46,8,1497,8,1,9,3,9
2019136CC0789,1,9,0,18,0,8,0,0,0,0,1,1,6,1,31,6,2993,2,3,1,1,1
2019136CC0789,2,9,0,18,0,8,5,0,0,0,4,1,6,1,62,9,1461,2,8,5,1,5
2019136CC1106,1,9,0,18,0,1,0,0,0,0,1,1,6,1,65,9,1598,1,13,6,1,6
2019136CC1403,1,9,0,18,0,0,0,0,0,0,1,1,6,1,32,6,1968,2,10,2,1,2
2019136CC1477,1,9,0,18,0,0,0,0,0,0,1,1,2,2,53,8,998,1,3,1,1,1
2019136CD0879,1,9,0,18,0,1,0,0,0,0,1,1,6,1,46,8,1997,2,9,8,1,8
2019136CD1164,1,9,0,18,0,0,0,0,0,0,1,1,6,3,-1,-1,-1,-1,-1,-1,-1,-1
2019136CD1446,1,9,0,18,0,2,0,0,0,0,1,1,6,1,26,6,1560,2,10,3,1,3
2019136CD1455,1,19,0,18,0,8,0,0,0,0,3,1,6,1,40,7,1753,2,16,-1,-1,-1
2019136CE0735,1,3,0,16,0,0,2,0,0,0,0,1,6,1,35,6,124,1,4,7,1,7
2019136CE1033,1,9,0,18,0,0,0,11,0,0,3,1,6,2,24,5,998,1,2,1,1,1
2019136CE1051,1,19,0,18,0,0,0,0,0,0,4,1,6,3,-1,-1,-1,-1,-1,-1,-1,-1
2019136CE1519,1,9,0,7,0,6,0,0,0,0,1,1,6,2,47,8,1499,1,3,8,2,8
2019136CE1519,2,9,0,7,0,6,0,0,0,0,2,1,6,2,27,6,1598,1,14,8,3,8
2019136CE1970,1,9,0,13,0,0,0,0,0,0,1,1,6,1,33,6,1896,2,11,-1,-1,-1
2019136CF0440,1,9,0,7,0,6,0,11,0,0,1,1,6,1,26,6,1984,1,12,2,1,2
2019136CF0440,2,1,0,18,0,8,0,11,0,0,4,1,2,1,56,9,-1,-1,-1,-1,-1,-1
2019136CF0743,1,19,0,16,0,1,0,0,0,0,1,1,6,3,-1,-1,-1,-1,-1,-1,-1,-1
2019136CF0743,2,9,0,3,0,1,0,0,0,0,2,1,6,1,57,9,1968,2,2,7,3,7
2019136CF0743,3,9,0,3,0,2,0,0,0,0,2,1,6,1,60,9,1968,2,6,7,1,7
2019136CF1352,1,9,0,18,0,0,0,2,0,0,4,1,6,2,72,10,1364,1,3,8,1,8
2019136CG1300,1,9,0,18,0,1,0,0,0,0,1,1,1,2,25,5,1560,2,1,1,1,1
2019136CG1310,1,9,0,18,0,8,0,0,0,0,1,1,6,1,22,5,2979,1,4,5,1,5
2019136CG1310,2,9,0,3,0,1,0,0,0,0,1,1,6,1,47,8,1956,2,5,9,1,9
2019136CG1310,3,9,0,3,0,1,0,0,0,0,1,1,6,2,45,7,1599,1,15,1,1,1
2019136CG1345,1,9,0,18,0,0,0,0,1,4,1,1,6,2,72,10,2143,2,4,-1,-1,-1
2019136CH0285,1,9,0,18,0,0,0,0,0,0,1,1,6,2,33,6,1968,2,11,2,1,2
2019136CH0285,2,9,0,4,0,0,0,0,0,0,2,1,6,1,68,10,1248,1,7,4,1,4
2019136CH1164,1,9,0,9,0,1,0,0,0,0,1,1,6,1,27,6,1968,2,12,1,1,1
2019136CH1164,2,9,0,18,0,2,0,0,0,0,1,1,6,1,20,4,-1,-1,-1,4,1,4
2019136CH1164,3,9,0,18,0,1,0,0,0,0,0,1,1,1,29,6,2993,2,2,1,1,1
2019136CH1478,1,9,0,7,0,6,0,0,0,0,1,1,6,1,45,7,-1,-1,-1,6,2,6
2019136CH1478,2,3,0,18,0,8,0,0,0,0,4,1,6,1,18,4,124,1,-1,2,1,2
2019136CI1516,1,8,0,18,0,0,0,0,0,0,4,1,2,1,57,9,1598,2,6,1,1,1
2019136CI1548,1,9,0,18,0,0,0,0,0,0,1,1,6,1,39,7,1762,1,20,2,1,2
2019136CJ0524,1,9,0,9,0,6,0,0,0,0,1,1,6,1,55,8,1499,2,4,-1,-1,-1
2019136CJ1279,1,9,0,5,0,0,0,0,0,0,3,1,6,1,43,7,1997,2,3,1,1,1
2019136CJ1279,2,1,0,18,0,0,0,0,0,0,1,1,6,1,25,5,-1,-1,-1,1,1,1
2019136CJ1358,1,11,0,18,0,0,0,0,0,0,1,1,1,1,51,8,7300,2,14,3,1,3
2019136CK1664,1,9,0,18,0,1,0,0,0,0,1,1,6,1,21,5,1395,1,5,7,1,7
2019136CK1664,2,9,0,9,0,6,0,0,0,0,3,1,6,2,21,5,1390,1,12,1,1,1
2019136CK1753,1,9,0,9,0,8,0,11,0,0,1,1,6,1,-1,-1,1794,1,15,-1,-1,-1
2019136CL1370,1,9,0,18,0,0,0,0,0,0,1,1,6,2,75,10,998,1,1,8,1,8
2019136CL1403,1,4,0,18,0,0,1,0,0,0,0,1,6,1,46,8,244,1,16,1,1,1
2019136CL1420,1,8,0,5,0,0,0,0,0,0,1,1,1,1,42,7,-1,-1,-1,1,1,1
2019136CP0321,1,9,0,7,0,1,0,0,0,0,1,1,6,1,32,6,1968,2,2,2,1,2
2019136CP0321,2,8,0,9,0,8,0,0,0,0,1,1,1,1,53,8,1968,2,5,3,1,3
2019136CR0143,1,8,0,9,0,5,0,0,0,0,3,1,1,1,59,9,-1,-1,-1,2,1,2
2019136CR0884,1,9,0,3,0,1,0,0,0,0,2,1,6,2,48,8,1968,2,1,4,1,4
2019136CR0884,2,9,0,4,0,1,0,0,0,0,1,1,6,1,27,6,1896,2,14,6,1,6
2019136CR0897,1,9,0,18,0,0,0,0,0,0,1,1,6,1,42,7,1686,2,14,1,1,1
2019136CR0897,2,9,0,18,0,0,0,0,0,0,2,1,6,1,26,6,1364,1,9,3,1,3
2019136CR1415,1,9,0,18,0,0,0,0,0,0,1,1,6,2,39,7,1968,2,9,4,1,4
2019136CR2099,1,9,0,18,0,0,0,0,0,0,1,1,6,1,38,7,-1,-1,-1,-1,-1,-1
2019136CR2099,2,9,0,2,0,0,0,0,0,0,2,1,6,1,19,4,1395,1,4,1,1,1
2019136CT1224,1,9,0,18,0,8,5,0,0,0,1,1,6,1,34,6,1364,2,12,6,1,6
2019136CT1224,2,9,0,2,0,8,0,0,0,0,1,1,6,3,-1,-1,1582,2,5,-1,-1,-1
2019136CT1457,1,9,0,16,0,8,0,7,0,1,1,1,6,1,34,6,2981,1,-1,2,1,2
2019136CU0568,1,9,0,18,0,0,0,0,0,0,1,1,6,1,54,8,1968,2,5,10,1,10
2019136CU0969,1,9,0,18,0,4,0,0,0,0,1,1,6,1,-1,-1,1598,2,4,3,1,3
2019136CU0969,2,9,0,9,0,5,0,0,0,0,3,1,6,2,23,5,1968,2,11,3,1,3
2019137141255,1,9,0,18,0,8,0,0,0,0,1,1,6,3,-1,-1,-1,-1,-1,-1,-1,-1
